ts; dow; hod;default broker_mwh; default broker_price ;CrocodileAgent_mwh; CrocodileAgent_price ;Bunnie_mwh; Bunnie_price 
361; 7; 1;[32.5489; -23.1074];[0.0000; 0.0000];[0.0000; 0.0000]
362; 7; 2;[-0.1317; -2868.1031];[0.0000; 0.0000];[-0.0642; 9.0346]
363; 7; 3;[-0.2153; -1605.3179];[12.3862; -10.5444];[-0.0320; 10.4087]
364; 7; 4;[-0.1431; -4136.7969];[16.5724; -11.6526];[45.3093; -28.7725]
365; 7; 5;[-0.1445; 372.5561];[14.2610; -18.4817];[46.1868; -31.2208]
366; 7; 6;[-0.3545; 35.3199];[16.4272; -30.7173];[42.2426; -33.9236]
367; 7; 7;[-1.4706; 34.2546];[18.5823; -34.0561];[39.5658; -36.1347]
368; 7; 8;[-1.8796; 32.7497];[13.8662; -36.1556];[39.1139; -38.1889]
369; 7; 9;[-2.4365; 16.7038];[14.6225; -36.2399];[0.8427; -31.3005]
370; 7; 10;[-1.4659; 24.5646];[0.4452; -30.8056];[0.7466; -31.3745]
371; 7; 11;[-2.6732; 22.7266];[2.2314; -29.1856];[1.5471; -32.4119]
372; 7; 12;[-1.5621; 41.7929];[13.3023; -34.9220];[47.0089; -38.3002]
373; 7; 13;[-1.4480; 23.0839];[4.3713; -27.9331];[1.4441; -62.6053]
374; 7; 14;[-1.6176; 27.8156];[3.3074; -19.9957];[2.1810; -62.5481]
375; 7; 15;[-1.0672; 39.2248];[12.6853; -36.0191];[48.0954; -40.1419]
376; 7; 16;[-1.3775; 40.2577];[14.1492; -36.6112];[40.8055; -48.7883]
377; 7; 17;[-0.3012; 35.1678];[2.4283; -19.9957];[40.2831; -42.6912]
378; 7; 18;[-0.0914; 58.9973];[0.0000; 0.0000];[2.4301; -36.3969]
379; 7; 19;[-0.0958; 61.9449];[6.2941; -19.9509];[54.9399; -50.6056]
380; 7; 20;[-0.0954; 38.6197];[5.5909; -12.2383];[54.8406; -44.8786]
381; 7; 21;[-0.0646; 38.2722];[0.0000; 0.0000];[39.3178; -43.1751]
382; 7; 22;[-0.1128; 57.0670];[9.6992; -36.1427];[54.6762; -43.8930]
383; 7; 23;[-0.0938; 56.6261];[10.4024; -31.5756];[41.8716; -46.4939]
384; 1; 0;[-0.0981; 37.8186];[10.1661; -33.0248];[36.8426; -46.9017]
385; 1; 1;[-0.0846; 62.7974];[10.4863; -31.4983];[37.5543; -45.2382]
386; 1; 2;[-0.1035; 26.7648];[11.5393; -31.6338];[44.6265; -34.8840]
387; 1; 3;[-0.0762; 23.5936];[11.4152; -31.7073];[46.4270; -35.8361]
388; 1; 4;[-0.0718; 31.7361];[15.3294; -37.3007];[9.2468; -27.1391]
389; 1; 5;[-0.0786; 31.1936];[15.3045; -31.8182];[50.7546; -35.4067]
390; 1; 6;[-0.1532; 34.9279];[21.2464; -37.3296];[8.5586; -28.2424]
391; 1; 7;[-0.5814; 47.3584];[7.0808; -30.8535];[1.9995; -33.8752]
392; 1; 8;[-1.0447; 46.5822];[6.4639; -30.2307];[3.4395; -31.7606]
393; 1; 9;[-1.3823; 66.5467];[4.6030; -31.0625];[4.4215; -21.5806]
394; 1; 10;[-1.6157; 46.2925];[5.6151; -28.3063];[3.3588; -31.7128]
395; 1; 11;[-1.6852; 45.8130];[4.1135; -26.9265];[4.8631; -31.4128]
396; 1; 12;[-1.9959; 46.5536];[5.4236; -30.5714];[5.6056; -32.7646]
397; 1; 13;[-1.8747; 51.7768];[3.9557; -31.6667];[7.2174; -32.9229]
398; 1; 14;[-1.3624; 64.0242];[0.0000; 0.0000];[11.1951; -32.9325]
399; 1; 15;[-1.0093; 77.2937];[0.0000; 0.0000];[11.3228; -33.2064]
400; 1; 16;[-0.3686; 48.7052];[0.0000; 0.0000];[46.0628; -41.5309]
401; 1; 17;[-0.1498; 48.3836];[0.0000; 0.0000];[9.8946; -34.0943]
402; 1; 18;[-0.1113; 53.8779];[0.0000; 0.0000];[11.4117; -34.6933]
403; 1; 19;[-0.1698; 56.2603];[0.0000; 0.0000];[11.7356; -34.7488]
404; 1; 20;[-0.1162; 34.1047];[0.0000; 0.0000];[26.5002; -40.6751]
405; 1; 21;[-0.0800; 41.7002];[5.1716; -17.1798];[41.7598; -45.6667]
406; 1; 22;[-0.0793; 48.6041];[5.6618; -34.2170];[39.9235; -42.1460]
407; 1; 23;[-0.0804; 40.9202];[4.6164; -20.4407];[40.5776; -45.2366]
408; 2; 0;[-0.0831; 33.2503];[5.0986; -36.2009];[42.9702; -37.6334]
409; 2; 1;[-0.0542; 32.0328];[6.8425; -30.9022];[46.7170; -34.1402]
410; 2; 2;[-0.0924; 35.2171];[5.5857; -31.2050];[51.8672; -35.6112]
411; 2; 3;[-0.0929; 35.4643];[6.2093; -30.9694];[56.7658; -35.3006]
412; 2; 4;[-0.0842; 37.2787];[9.5534; -30.5024];[51.2560; -34.5609]
413; 2; 5;[-0.0947; 35.8139];[6.7758; -37.1117];[17.3855; -29.4770]
414; 2; 6;[-0.1307; 47.9687];[6.7673; -29.4072];[14.0838; -30.8709]
415; 2; 7;[-0.2691; 104.3902];[6.0594; -30.3625];[18.2783; -30.5355]
416; 2; 8;[-0.4399; 52.6251];[5.1355; -30.5579];[18.4312; -30.7693]
417; 2; 9;[-2.1125; 100.5087];[4.7037; -30.7562];[15.5942; -31.3987]
418; 2; 10;[-2.4500; 51.7233];[4.1642; -30.5519];[13.9426; -31.5898]
419; 2; 11;[-0.6677; 72.8317];[3.8278; -31.3574];[12.6759; -32.0022]
420; 2; 12;[-0.6894; 73.2671];[2.4438; -31.6667];[11.2113; -32.2959]
421; 2; 13;[-0.6249; 52.2414];[2.7215; -31.6667];[14.5660; -32.7690]
422; 2; 14;[-0.5342; 51.8432];[0.0000; 0.0000];[20.0684; -33.2284]
423; 2; 15;[-1.4752; 38.9782];[3.3614; -5.4461];[49.8505; -39.4102]
424; 2; 16;[-0.2757; 39.2704];[9.0600; -35.2144];[50.7772; -42.2064]
425; 2; 17;[-0.1420; 44.4342];[0.0000; 0.0000];[32.1326; -38.2283]
426; 2; 18;[0.0000; 0.0000];[7.6772; -35.0246];[49.5385; -37.8384]
427; 2; 19;[0.0000; 0.0000];[5.6643; -25.3968];[53.7012; -39.8541]
428; 2; 20;[0.0000; 0.0000];[5.9550; -25.6322];[46.6936; -41.9940]
429; 2; 21;[-0.1065; 39.7296];[4.2751; -27.7142];[45.3780; -42.6833]
430; 2; 22;[-0.0999; 38.2334];[0.2577; -9.4500];[43.3115; -41.8144]
431; 2; 23;[-0.1053; 34.5554];[3.7547; -34.1796];[36.0282; -46.9137]
432; 3; 0;[-0.1045; 25.9743];[4.0450; -26.5848];[46.1423; -35.8076]
433; 3; 1;[-0.1170; 25.9916];[4.3127; -27.0244];[56.5736; -33.1472]
434; 3; 2;[-0.1039; 26.3480];[4.5366; -25.4876];[55.7972; -29.4376]
435; 3; 3;[-0.1059; 33.9519];[4.5584; -31.8386];[47.8176; -36.2480]
436; 3; 4;[-0.0997; 28.0066];[6.6311; -28.4021];[45.9803; -34.3217]
437; 3; 5;[-0.1025; 49.0485];[1.6233; -29.9721];[4.1963; -30.5655]
438; 3; 6;[-0.2576; 37.1216];[5.9854; -35.6179];[6.7532; -29.5220]
439; 3; 7;[-1.0239; 44.8743];[4.7738; -29.9953];[55.3832; -38.6787]
440; 3; 8;[-1.8136; 37.7053];[6.0450; -37.5706];[58.4733; -40.3754]
441; 3; 9;[-2.0751; 51.4761];[2.9679; -29.7006];[7.5088; -30.9716]
442; 3; 10;[-2.3439; 51.7886];[1.3340; -31.6667];[7.6994; -31.2564]
443; 3; 11;[-3.3362; 51.7033];[2.4096; -31.6533];[5.5575; -32.2531]
444; 3; 12;[-3.9587; 51.9093];[1.4264; -31.6667];[7.4629; -32.2068]
445; 3; 13;[-2.9358; 38.8292];[2.1632; -15.4571];[56.4461; -40.1778]
446; 3; 14;[-2.6405; 37.3736];[5.7774; -35.6440];[48.7584; -40.3146]
447; 3; 15;[-1.9250; 51.2903];[0.0000; 0.0000];[9.7731; -33.7393]
448; 3; 16;[-0.9503; 42.8349];[0.0000; 0.0000];[35.6940; -40.3140]
449; 3; 17;[-0.1328; 42.0114];[0.0000; 0.0000];[40.2926; -40.8490]
450; 3; 18;[-0.1088; 41.9564];[0.0000; 0.0000];[47.3419; -41.7292]
451; 3; 19;[-0.0984; 43.8863];[2.2273; -19.4817];[54.6239; -43.7077]
452; 3; 20;[-0.1071; 46.1372];[0.0000; 0.0000];[39.2801; -42.3687]
453; 3; 21;[-0.1253; 34.5405];[2.2643; -2.4920];[39.1607; -42.8125]
454; 3; 22;[-0.1116; 39.1865];[4.4311; -37.0234];[37.2773; -40.9710]
455; 3; 23;[-0.1382; 36.2087];[3.2911; -36.1087];[40.2564; -43.7130]
456; 4; 0;[-0.1458; 29.0584];[3.3539; -28.6975];[61.4635; -33.4076]
457; 4; 1;[-0.1441; 29.0612];[2.3923; -28.8735];[45.7165; -32.9949]
458; 4; 2;[-0.1180; 28.9780];[2.6940; -32.7124];[63.4644; -35.5482]
459; 4; 3;[-0.1054; 28.8157];[3.1586; -26.4991];[67.8870; -29.7681]
460; 4; 4;[-0.1041; 33.3893];[5.1746; -30.8295];[65.6024; -34.8188]
461; 4; 5;[-0.1224; 37.9087];[4.2009; -37.2154];[53.7269; -36.3650]
462; 4; 6;[-0.3146; 38.6964];[7.4269; -37.1808];[15.1568; -29.6101]
463; 4; 7;[-1.3441; 37.9110];[3.0417; -37.1733];[50.2071; -36.3140]
464; 4; 8;[-2.4803; 52.3672];[1.2977; -30.7044];[15.4858; -30.1862]
465; 4; 9;[-3.2611; 70.6077];[1.0346; -31.1365];[14.0118; -30.6388]
466; 4; 10;[-3.7408; 52.1034];[0.6440; -31.0088];[10.1734; -30.6855]
467; 4; 11;[-4.1262; 38.0944];[0.8815; -23.6967];[51.8253; -39.9866]
468; 4; 12;[-1.6703; 52.3201];[0.8193; -31.2869];[9.8796; -31.9627]
469; 4; 13;[-2.3085; 52.4894];[0.8842; -31.6559];[8.7448; -32.5036]
470; 4; 14;[-2.4503; 39.7529];[0.9180; -19.9957];[65.5782; -40.2938]
471; 4; 15;[-1.6289; 52.0429];[0.0000; 0.0000];[10.4395; -25.0042]
472; 4; 16;[-0.9601; 39.4171];[0.1825; -2.1095];[56.8406; -39.4141]
473; 4; 17;[-0.1771; 47.8143];[0.0000; 0.0000];[43.7350; -41.4561]
474; 4; 18;[-0.1159; 39.4548];[0.0000; 0.0000];[42.7000; -40.4567]
475; 4; 19;[-0.1477; 44.2482];[0.0000; 0.0000];[41.5672; -42.0329]
476; 4; 20;[-0.0429; 37.7370];[1.3359; -37.3972];[47.6920; -43.8449]
477; 4; 21;[-0.1177; 38.5967];[1.3249; -33.3478];[48.8492; -36.9129]
478; 4; 22;[-0.1728; 35.2521];[1.1916; -33.1853];[43.6330; -38.8235]
479; 4; 23;[-0.1025; 39.3202];[0.9045; -33.2216];[38.5311; -40.9894]
480; 5; 0;[-0.1063; 32.3425];[0.7157; -32.8145];[47.7634; -36.8498]
481; 5; 1;[-0.1162; 30.2401];[0.5005; -29.4661];[47.9176; -33.5957]
482; 5; 2;[-0.0970; 33.2489];[0.6646; -33.1069];[62.3797; -37.6509]
483; 5; 3;[-0.0825; 29.5802];[0.6017; -27.3838];[69.5064; -30.9135]
484; 5; 4;[-0.1055; 32.4645];[0.9125; -32.1712];[59.4261; -37.1211]
485; 5; 5;[-0.1094; 35.3906];[0.8244; -32.7347];[56.2657; -36.1327]
486; 5; 6;[-0.3674; 45.4554];[0.3677; -30.9041];[55.8646; -38.9563]
487; 5; 7;[-1.3578; 45.2562];[0.3548; -28.4199];[61.4609; -40.8109]
488; 5; 8;[-2.3484; 52.4976];[0.2370; -31.6667];[10.5954; -30.7436]
489; 5; 9;[-3.1603; 52.5571];[0.2353; -31.4597];[10.1391; -31.0649]
490; 5; 10;[-3.6187; 38.0708];[0.2300; -3.9450];[57.2117; -39.0605]
491; 5; 11;[-4.0729; 38.4253];[0.2774; -30.6153];[54.4551; -37.7847]
492; 5; 12;[-3.1987; 38.8996];[0.1581; -31.1944];[42.9545; -37.1030]
493; 5; 13;[-2.8281; 38.4055];[0.4200; -37.9820];[54.2128; -40.1160]
494; 5; 14;[-0.8377; 39.4809];[0.7895; -26.0491];[52.0588; -40.7671]
495; 5; 15;[-1.7571; 38.2404];[1.1178; -32.0060];[52.1947; -40.5162]
496; 5; 16;[-1.0755; 41.1588];[1.4431; -7.2857];[49.7174; -41.7057]
497; 5; 17;[-0.2850; 42.6323];[1.1261; -20.8882];[50.7113; -39.8705]
498; 5; 18;[-0.1325; 48.8097];[0.8492; -11.1295];[57.0589; -39.2044]
499; 5; 19;[-0.1432; 38.2740];[0.7435; -22.4379];[55.3499; -37.9793]
500; 5; 20;[-0.0836; 42.2257];[2.9203; -8.9343];[42.2593; -39.3303]
501; 5; 21;[-0.0947; 30.5489];[2.9697; -12.9665];[39.7554; -37.4266]
502; 5; 22;[-0.1053; 31.7866];[3.0095; -12.5201];[43.8635; -36.3833]
503; 5; 23;[-0.0997; 32.6113];[2.5687; -32.1302];[38.3915; -26.8779]
504; 6; 0;[-0.1232; 27.3651];[2.0069; -27.3428];[47.9703; -30.4275]
505; 6; 1;[-0.1046; 31.2856];[2.3856; -30.1164];[55.5045; -31.3694]
506; 6; 2;[-0.1354; 28.8431];[8.7636; -28.3523];[62.2737; -27.7948]
507; 6; 3;[-0.0600; 27.9008];[9.5294; -27.9165];[56.5337; -28.7962]
508; 6; 4;[-0.0685; 31.8041];[14.2736; -31.8144];[46.3204; -29.4937]
509; 6; 5;[-0.0608; 33.0213];[4.6105; -16.3922];[47.1896; -38.2104]
510; 6; 6;[-0.1684; 33.4294];[7.4294; -17.4980];[54.0812; -37.9563]
511; 6; 7;[-0.5339; 33.1422];[10.7822; -16.5575];[63.5996; -37.7042]
512; 6; 8;[-1.0610; 32.9873];[10.2817; -16.0904];[57.2034; -39.8928]
513; 6; 9;[-1.2298; 33.3982];[11.4469; -16.8636];[61.4766; -37.6458]
514; 6; 10;[-1.4503; 52.1558];[7.0927; -31.6667];[4.3374; -35.7658]
515; 6; 11;[-1.6803; 38.6263];[8.4726; -31.6667];[36.8451; -38.2747]
516; 6; 12;[-1.3579; 38.9974];[12.1577; -12.1598];[44.4678; -42.4310]
517; 6; 13;[-1.3420; 39.3495];[2.2962; -31.6667];[45.5725; -37.2250]
518; 6; 14;[-1.2208; 37.8538];[14.2242; -17.5197];[42.9004; -42.4667]
519; 6; 15;[-0.8105; 33.3623];[12.8826; -21.3918];[42.9195; -38.2248]
520; 6; 16;[-0.4637; 33.3580];[20.0699; -36.5067];[46.6477; -34.8292]
521; 6; 17;[-0.0764; 33.0605];[18.2546; -32.8490];[52.9502; -37.9852]
522; 6; 18;[-0.0545; 31.1373];[20.4134; -32.6026];[40.4672; -27.4863]
523; 6; 19;[-0.0920; 32.7929];[18.9670; -33.4414];[37.2959; -36.2669]
524; 6; 20;[-0.0580; 31.7456];[13.8060; -33.0129];[48.8570; -37.6443]
525; 6; 21;[-0.1442; 33.3384];[12.8499; -31.2079];[38.0557; -39.3434]
526; 6; 22;[-0.1370; 30.4308];[17.3474; -29.1942];[32.2177; -30.9390]
527; 6; 23;[-0.1397; 31.7252];[15.1940; -26.8460];[36.1969; -32.0336]
528; 7; 0;[-0.1450; 30.1593];[15.4856; -22.9475];[49.7229; -23.3380]
529; 7; 1;[-0.0648; 30.9523];[17.1452; -26.5694];[51.6512; -28.9701]
530; 7; 2;[-0.0604; 32.1872];[23.4694; -28.4707];[33.9746; -30.6548]
531; 7; 3;[-0.2104; 35.3220];[23.6412; -27.7030];[36.4023; -31.1643]
532; 7; 4;[-0.0632; 33.2389];[30.3910; -28.8459];[32.1221; -29.5442]
533; 7; 5;[-0.0634; 29.7184];[27.8937; -27.7783];[33.1989; -30.1681]
534; 7; 6;[-0.3146; 33.0431];[33.5888; -33.4782];[42.8435; -35.1277]
535; 7; 7;[-1.1263; 33.1414];[31.9234; -33.3876];[45.4847; -36.6761]
536; 7; 8;[-1.8585; 37.6326];[21.3366; -37.8690];[32.8173; -39.6631]
537; 7; 9;[-2.4766; 37.6879];[0.4863; -28.7759];[8.7720; -36.3239]
538; 7; 10;[-1.5238; 38.4771];[9.6538; -20.7663];[29.6329; -43.8468]
539; 7; 11;[-2.7135; 37.7365];[29.1065; -34.4169];[23.8989; -43.3843]
540; 7; 12;[-2.6672; 37.6581];[20.4605; -35.7986];[30.8246; -40.6140]
541; 7; 13;[-1.6262; 38.1832];[32.9775; -36.0336];[33.7008; -30.4119]
542; 7; 14;[-1.2223; 30.6242];[27.3534; -13.1233];[26.9185; -36.5450]
543; 7; 15;[-1.0197; 29.5936];[33.4633; -31.8730];[29.1406; -34.7538]
544; 7; 16;[-0.9465; 35.0162];[26.0082; -23.1224];[26.5212; -39.3411]
545; 7; 17;[-0.2117; 40.0626];[21.7091; -29.7313];[34.8773; -39.8360]
546; 7; 18;[-0.1475; 38.2262];[30.1958; -36.4242];[29.4895; -40.0642]
547; 7; 19;[-0.1511; 37.3617];[15.8710; -26.4249];[22.2926; -43.2709]
548; 7; 20;[-0.1560; 31.2801];[15.5746; -30.6037];[27.9791; -39.9667]
549; 7; 21;[-0.1427; 32.0754];[26.1323; -32.3959];[22.0164; -36.9566]
550; 7; 22;[-0.1853; 36.5190];[13.5320; -16.7351];[19.8334; -46.1503]
551; 7; 23;[-0.1777; 30.1668];[24.8167; -26.6532];[21.1826; -29.4858]
552; 1; 0;[-0.1788; 29.4103];[28.9338; -26.0650];[27.5604; -27.7971]
553; 1; 1;[-0.1538; 31.6508];[33.7791; -26.3043];[34.2544; -27.5571]
554; 1; 2;[-0.1719; 29.4321];[33.2274; -26.4904];[33.0818; -29.8058]
555; 1; 3;[-0.1398; 28.7715];[35.0914; -25.4029];[32.6954; -27.5626]
556; 1; 4;[-0.1517; 32.8767];[38.0675; -31.2250];[35.6273; -32.6918]
557; 1; 5;[-0.1605; 43.6305];[7.5961; -30.8381];[26.5112; -34.6656]
558; 1; 6;[-0.2719; 32.9228];[43.8562; -31.9679];[29.0782; -35.9246]
559; 1; 7;[-0.9064; 79.0758];[7.2951; -29.1961];[19.4053; -32.4461]
560; 1; 8;[-0.9645; 37.1267];[42.2084; -37.7274];[22.9903; -31.4574]
561; 1; 9;[-1.8748; 37.6895];[41.6353; -37.6344];[20.9752; -32.3433]
562; 1; 10;[-2.2166; 37.8105];[22.5492; -37.7524];[16.0587; -32.8873]
563; 1; 11;[-2.3666; 37.7224];[34.9043; -37.3365];[30.6538; -36.5274]
564; 1; 12;[-2.5377; 66.2036];[7.9588; -31.6667];[19.0411; -34.0895]
565; 1; 13;[-2.4674; 33.0072];[26.8028; -35.3169];[32.3523; -34.9178]
566; 1; 14;[-1.9740; 50.0236];[6.2266; -25.1331];[30.8717; -33.0347]
567; 1; 15;[-1.4542; 35.9469];[18.5700; -29.1957];[29.5050; -37.9328]
568; 1; 16;[-0.6079; 44.6772];[7.1012; -23.2696];[28.8357; -34.2993]
569; 1; 17;[-0.1538; 59.1360];[2.9518; -30.3555];[27.6268; -31.9351]
570; 1; 18;[-0.1213; 39.7736];[20.7295; -30.5933];[30.0286; -38.7339]
571; 1; 19;[-0.1784; 44.5379];[16.9048; -23.0292];[29.5376; -41.8663]
572; 1; 20;[-0.0793; 36.3536];[21.3814; -35.9204];[27.8527; -38.6575]
573; 1; 21;[-0.1041; 43.6296];[13.3900; -8.7833];[28.0010; -39.5166]
574; 1; 22;[-0.1001; 37.4514];[17.9539; -35.9874];[25.7306; -38.1783]
575; 1; 23;[-0.0998; 40.7497];[18.1862; -36.1047];[26.8643; -37.5643]
576; 2; 0;[-0.1278; 31.3926];[21.0726; -32.6920];[31.7343; -30.3763]
577; 2; 1;[-0.0870; 28.9072];[24.0072; -26.2068];[29.3909; -19.7174]
578; 2; 2;[-0.1249; 34.1011];[20.2329; -31.6979];[33.4837; -32.2669]
579; 2; 3;[-0.1471; 34.2261];[20.3459; -32.0708];[34.1864; -33.1197]
580; 2; 4;[-0.1276; 30.9887];[22.8808; -25.8846];[41.3690; -27.6613]
581; 2; 5;[-0.1375; 34.8176];[17.2828; -35.7017];[42.3176; -38.1839]
582; 2; 6;[-0.2287; 46.5849];[5.9347; -31.6667];[3.4768; -33.4070]
583; 2; 7;[-0.6415; 33.3920];[22.2194; -36.4501];[41.5388; -33.8865]
584; 2; 8;[-0.9974; 33.1609];[17.1616; -35.9386];[39.9912; -37.6424]
585; 2; 9;[-1.7214; 44.5337];[3.0750; -28.1244];[43.3557; -38.2688]
586; 2; 10;[-2.6503; 51.9505];[5.8478; -31.6667];[5.5204; -32.8160]
587; 2; 11;[-1.7035; 51.6342];[4.7218; -31.6667];[8.5084; -32.4602]
588; 2; 12;[-1.7837; 37.9072];[17.0382; -35.8087];[37.6697; -37.8798]
589; 2; 13;[-1.4405; 37.6718];[10.1994; -30.8090];[32.8450; -39.6313]
590; 2; 14;[-1.2926; 51.8162];[0.0000; 0.0000];[13.2553; -33.5497]
591; 2; 15;[-1.7126; 38.6344];[9.8681; -20.5870];[36.2650; -41.6605]
592; 2; 16;[-0.4916; 52.0690];[0.0000; 0.0000];[11.8206; -34.5293]
593; 2; 17;[-0.1245; 44.5352];[0.0000; 0.0000];[37.0731; -40.8085]
594; 2; 18;[-0.1992; 45.8517];[11.9563; -19.2101];[37.5327; -43.5209]
595; 2; 19;[-0.1638; 40.0790];[17.9192; -34.7519];[41.1900; -40.9698]
596; 2; 20;[-0.2251; 39.2677];[15.4889; -35.1939];[36.1895; -43.7787]
597; 2; 21;[-0.1210; 36.5802];[15.7978; -30.6524];[33.0240; -37.8673]
598; 2; 22;[-0.1213; 28.8052];[11.6863; -24.6767];[30.0607; -30.5346]
599; 2; 23;[-0.1401; 32.5219];[14.2491; -25.0347];[28.0215; -31.0133]
600; 3; 0;[-0.1287; 36.9193];[12.9320; -31.2787];[36.0938; -33.7728]
601; 3; 1;[-0.1347; 37.0790];[12.1769; -30.9184];[38.9385; -34.3163]
602; 3; 2;[-0.1452; 32.0581];[13.8138; -25.1739];[39.3389; -27.6584]
603; 3; 3;[-0.1505; 31.2846];[16.4220; -25.2684];[46.0990; -27.1734]
604; 3; 4;[-0.1500; 33.9959];[21.5779; -25.9264];[38.3739; -29.9361]
605; 3; 5;[-0.1566; 37.1729];[17.1031; -31.1359];[41.4642; -36.9149]
606; 3; 6;[-0.2746; 38.1128];[23.0229; -36.8411];[47.3022; -36.4487]
607; 3; 7;[-0.8596; 37.9351];[16.4194; -37.2124];[44.2849; -39.0995]
608; 3; 8;[-1.4355; 37.8124];[14.1614; -36.6426];[48.5270; -38.9537]
609; 3; 9;[-2.4483; 51.9728];[0.0547; -31.6667];[9.6114; -33.7839]
610; 3; 10;[-1.9979; 37.5251];[11.3155; -37.3140];[13.9508; -34.9615]
611; 3; 11;[-2.6925; 51.7677];[0.6515; -31.6667];[10.3573; -34.5593]
612; 3; 12;[-3.0177; 52.0722];[0.0000; 0.0000];[11.5548; -34.6953]
613; 3; 13;[-3.2361; 39.0050];[0.0359; -31.6667];[46.4216; -38.5445]
614; 3; 14;[-2.1469; 39.1143];[6.9751; -29.9157];[47.9961; -39.6992]
615; 3; 15;[-2.1193; 37.8221];[4.4343; -35.8078];[45.4788; -37.3203]
616; 3; 16;[-1.2373; 37.6355];[11.3400; -36.4213];[42.4999; -38.5210]
617; 3; 17;[-0.1794; 40.4993];[3.2266; -26.7854];[40.9760; -40.4461]
618; 3; 18;[-0.1385; 39.7996];[9.1719; -36.6839];[41.7751; -40.6174]
619; 3; 19;[-0.1360; 38.1794];[7.3331; -36.2549];[40.9862; -40.1123]
620; 3; 20;[-0.1536; 38.1365];[7.1459; -36.7839];[38.3759; -44.2690]
621; 3; 21;[-0.1653; 33.0797];[7.8325; -32.0859];[34.4434; -37.7097]
622; 3; 22;[-0.1608; 33.0661];[7.0868; -32.0059];[34.8964; -36.8100]
623; 3; 23;[-0.2010; 33.1302];[5.6905; -31.5778];[36.3337; -40.6221]
624; 4; 0;[-0.1653; 27.3520];[7.3935; -20.4019];[44.7990; -23.2911]
625; 4; 1;[-0.1654; 28.8493];[6.4972; -31.6227];[57.2857; -33.0484]
626; 4; 2;[-0.1852; 29.2866];[5.6982; -29.4401];[48.3779; -33.6847]
627; 4; 3;[-0.1482; 32.6472];[6.4920; -32.1859];[48.4250; -36.2716]
628; 4; 4;[-0.1460; 31.4010];[8.3584; -30.9359];[63.1045; -33.2200]
629; 4; 5;[-0.1518; 37.5259];[6.0328; -37.3845];[53.7359; -38.3008]
630; 4; 6;[-0.3008; 32.5789];[9.4874; -32.0365];[56.2007; -35.7209]
631; 4; 7;[-1.0017; 44.5853];[1.6035; -31.6667];[52.2945; -38.6986]
632; 4; 8;[-2.2855; 51.8525];[1.8846; -31.0502];[4.7435; -30.8318]
633; 4; 9;[-3.0066; 37.6639];[5.7292; -37.4606];[46.8192; -39.2469]
634; 4; 10;[-3.6924; 51.4657];[1.1690; -31.6667];[3.5693; -32.0054]
635; 4; 11;[-3.1891; 32.5963];[4.5341; -31.8227];[46.0175; -35.5753]
636; 4; 12;[-2.3229; 37.4400];[4.8071; -36.3448];[46.9709; -40.6384]
637; 4; 13;[-1.9720; 38.7984];[2.2275; -23.4496];[43.0154; -42.0465]
638; 4; 14;[-2.5714; 38.9945];[2.2256; -23.3426];[44.9039; -43.4661]
639; 4; 15;[-1.8319; 38.8220];[2.0989; -25.6729];[48.9700; -40.6369]
640; 4; 16;[-1.1066; 38.6192];[2.8939; -24.9211];[52.1809; -42.1630]
641; 4; 17;[-0.2428; 38.7316];[1.9666; -23.5842];[53.8324; -42.2712]
642; 4; 18;[-0.1239; 34.8850];[4.2001; -31.5248];[49.9798; -38.0366]
643; 4; 19;[-0.1532; 38.9114];[2.3642; -36.3259];[43.1457; -41.9498]
644; 4; 20;[-0.0922; 37.5917];[2.6557; -36.6405];[42.2978; -43.2091]
645; 4; 21;[-0.1790; 31.7978];[2.2334; -35.1336];[44.9714; -35.4213]
646; 4; 22;[-0.2218; 36.0969];[1.9033; -36.6759];[39.8330; -45.4273]
647; 4; 23;[-0.1759; 29.9931];[2.4616; -26.2995];[37.1682; -32.1806]
648; 5; 0;[-0.1784; 28.0773];[2.2219; -26.5034];[53.8691; -29.5592]
649; 5; 1;[-0.1996; 27.9292];[1.6184; -26.4879];[44.8261; -27.9182]
650; 5; 2;[-0.1628; 28.9727];[1.4361; -31.3154];[50.2032; -33.2845]
651; 5; 3;[-0.1747; 28.1468];[1.5903; -29.6807];[54.6090; -29.9360]
652; 5; 4;[-0.1945; 32.3524];[1.9917; -31.6216];[48.7026; -33.6677]
653; 5; 5;[-0.1841; 31.0006];[2.0239; -32.2912];[60.4853; -35.2847]
654; 5; 6;[-0.3314; 31.7949];[2.3516; -32.2500];[53.3662; -35.1232]
655; 5; 7;[-1.0589; 32.1478];[0.6754; -20.2911];[55.6884; -36.7660]
656; 5; 8;[-1.9928; 33.1901];[1.2089; -33.1420];[67.4008; -38.0967]
657; 5; 9;[-2.4326; 37.7899];[1.2919; -37.6756];[4.7021; -31.2096]
658; 5; 10;[-3.0949; 38.0668];[0.6263; -30.0328];[19.3130; -36.4863]
659; 5; 11;[-3.1958; 52.2338];[0.0000; 0.0000];[8.2697; -31.9072]
660; 5; 12;[-2.6422; 38.6251];[0.5903; -25.2539];[42.8739; -39.8552]
661; 5; 13;[-2.2198; 39.2088];[0.0000; 0.0000];[49.9586; -41.9263]
662; 5; 14;[-0.9157; 37.6106];[4.0773; -14.1443];[48.5093; -41.2170]
663; 5; 15;[-1.4600; 38.4681];[3.9590; -16.4126];[44.6147; -37.5111]
664; 5; 16;[-0.9662; 40.2241];[4.1590; -21.2652];[50.5062; -43.1665]
665; 5; 17;[-0.3026; 38.8239];[3.6742; -17.6779];[48.3484; -42.5664]
666; 5; 18;[-0.2188; 37.9919];[3.2661; -24.2886];[43.1339; -43.2820]
667; 5; 19;[-0.2130; 40.5770];[2.5510; -20.5079];[48.7233; -40.5262]
668; 5; 20;[-0.1735; 44.3770];[3.1606; -8.1206];[43.4325; -44.8753]
669; 5; 21;[-0.1890; 39.0539];[3.4418; -14.2596];[41.9351; -42.2905]
670; 5; 22;[-0.2056; 34.3604];[3.4511; -14.0101];[43.8732; -32.2807]
671; 5; 23;[-0.2011; 34.7936];[3.5628; -15.3477];[34.7535; -37.7014]
672; 6; 0;[-0.2379; 29.2124];[3.4610; -14.8664];[37.1437; -31.0178]
673; 6; 1;[-0.1861; 28.3050];[3.2485; -27.5800];[44.8124; -27.8494]
674; 6; 2;[-0.1776; 31.8709];[6.1470; -11.4706];[45.4266; -29.0783]
675; 6; 3;[-0.1259; 36.8870];[5.8317; -14.7851];[47.2746; -33.1848]
676; 6; 4;[-0.1206; 32.3359];[7.6686; -22.7156];[53.6426; -29.2184]
677; 6; 5;[-0.1178; 31.1442];[7.7905; -14.5750];[50.3004; -29.4106]
678; 6; 6;[-0.2176; 33.6992];[9.7285; -22.6412];[53.2798; -36.7949]
679; 6; 7;[-0.7368; 32.6242];[8.7651; -27.3708];[56.3129; -36.0955]
680; 6; 8;[-1.5292; 32.9201];[7.4518; -24.5176];[57.7899; -38.2028]
681; 6; 9;[-1.8507; 37.4624];[7.5894; -19.1168];[49.2909; -40.5702]
682; 6; 10;[-2.2112; 37.6709];[7.0518; -19.8667];[42.3366; -41.4529]
683; 6; 11;[-2.6642; 33.0693];[8.8616; -26.7553];[45.9658; -37.5226]
684; 6; 12;[-2.5283; 32.8462];[9.7445; -29.0867];[41.4087; -34.6455]
685; 6; 13;[-2.3514; 32.9373];[10.4947; -28.9546];[41.4222; -34.9612]
686; 6; 14;[-1.5803; 39.1040];[9.6269; -21.6837];[54.9042; -41.8107]
687; 6; 15;[-1.0947; 31.7460];[15.4519; -15.8605];[49.3546; -38.1242]
688; 6; 16;[-0.6785; 37.4587];[15.6338; -24.3349];[48.7321; -41.3593]
689; 6; 17;[-0.4334; 33.6385];[14.1166; -24.5753];[37.9347; -37.0240]
690; 6; 18;[-0.0433; 32.3755];[13.7045; -34.0993];[36.1826; -38.4020]
691; 6; 19;[-0.1818; 37.4537];[12.6207; -29.3961];[37.0348; -44.1217]
692; 6; 20;[-0.1270; 32.6085];[12.5393; -34.4367];[41.5459; -36.8870]
693; 6; 21;[-0.1348; 30.2521];[11.4621; -28.7462];[35.3311; -29.6408]
694; 6; 22;[-0.2106; 32.2553];[10.7828; -31.6245];[31.2628; -34.0133]
695; 6; 23;[-0.1961; 30.1248];[11.9524; -24.0619];[33.5278; -29.8549]
696; 7; 0;[-0.1871; 25.3922];[11.5029; -21.0551];[37.6870; -22.3896]
697; 7; 1;[-0.0983; 26.3263];[11.3920; -20.6126];[39.8283; -21.6476]
698; 7; 2;[-0.0911; 21.2631];[18.5011; -21.2555];[45.6467; -19.0927]
699; 7; 3;[-0.1833; 30.8187];[18.4279; -27.6443];[38.6446; -32.5886]
700; 7; 4;[-0.0925; 28.4261];[20.4970; -26.6454];[37.8462; -29.1640]
701; 7; 5;[-0.0878; 27.6887];[19.8253; -25.8585];[37.6465; -30.2374]
702; 7; 6;[-0.3194; 29.4537];[21.9890; -27.3681];[35.5750; -30.0663]
703; 7; 7;[-1.1916; 32.2100];[21.4619; -32.7872];[50.0794; -36.0253]
704; 7; 8;[-2.0644; 36.9965];[17.1302; -32.2639];[40.1945; -39.6689]
705; 7; 9;[-2.7373; 37.1820];[17.7137; -31.5704];[39.0931; -39.9403]
706; 7; 10;[-2.2199; 32.3392];[21.1399; -31.0970];[40.4031; -36.1975]
707; 7; 11;[-3.2209; 32.1570];[22.2855; -30.8249];[35.2968; -36.5311]
708; 7; 12;[-3.1586; 30.6814];[23.9909; -25.1296];[35.3084; -30.5163]
709; 7; 13;[-2.3607; 50.5257];[0.0000; 0.0000];[4.8422; -34.0779]
710; 7; 14;[-2.2625; 31.9489];[31.6912; -30.2184];[32.0282; -35.9113]
711; 7; 15;[-1.8255; 37.8598];[27.3706; -34.7642];[31.2189; -38.6397]
712; 7; 16;[-1.4093; 39.3173];[27.3185; -32.4835];[32.3543; -43.7863]
713; 7; 17;[-0.3159; 38.6122];[15.3779; -19.4694];[33.7987; -45.7651]
714; 7; 18;[-0.1582; 42.8172];[23.7443; -28.0192];[34.0301; -35.2447]
715; 7; 19;[-0.1537; 35.1160];[20.4358; -32.4732];[30.5512; -39.1633]
716; 7; 20;[-0.1748; 37.6414];[19.9543; -30.9862];[27.2451; -35.6386]
717; 7; 21;[-0.1751; 48.5265];[18.4290; -33.7132];[28.8514; -41.6802]
718; 7; 22;[-0.1821; 34.6979];[20.3598; -26.7603];[32.1448; -28.4130]
719; 7; 23;[-0.1891; 36.8801];[21.0224; -25.9735];[27.9725; -28.8268]
720; 1; 0;[-0.1815; 37.4579];[25.4531; -26.7398];[42.5923; -28.8474]
721; 1; 1;[-0.1742; 34.6930];[25.4026; -25.3638];[27.7738; -26.6965]
722; 1; 2;[-0.1936; 32.9105];[23.8383; -25.9823];[34.2590; -26.6642]
723; 1; 3;[-0.1344; 31.6925];[27.5815; -25.5022];[37.6908; -27.4641]
724; 1; 4;[-0.1924; 36.8936];[32.5371; -31.0839];[34.7505; -34.8078]
725; 1; 5;[-0.2037; 39.4810];[34.8653; -31.4733];[28.9582; -34.0604]
726; 1; 6;[-0.2553; 31.3789];[41.8151; -31.2562];[32.3346; -34.0255]
727; 1; 7;[-0.7256; 32.4564];[38.7799; -35.6830];[31.4253; -36.7548]
728; 1; 8;[-0.9264; 32.4964];[53.4419; -37.7929];[39.0465; -36.4916]
729; 1; 9;[-2.3260; 50.8512];[2.6598; -29.5544];[6.7582; -30.3056]
730; 1; 10;[-1.9097; 37.6565];[13.4015; -25.6527];[27.5175; -43.3210]
731; 1; 11;[-2.0524; 38.1839];[53.2906; -36.6412];[27.8706; -39.3789]
732; 1; 12;[-2.1680; 38.7292];[38.9075; -35.9577];[25.7587; -41.4181]
733; 1; 13;[-2.0902; 32.4326];[35.9423; -34.5529];[28.9095; -34.1534]
734; 1; 14;[-1.6129; 38.4082];[14.4731; -20.8026];[30.8159; -44.0984]
735; 1; 15;[-1.7197; 51.3830];[13.9964; -9.6721];[32.1855; -40.4024]
736; 1; 16;[-0.7956; 38.1210];[20.6343; -29.7917];[31.4856; -41.3286]
737; 1; 17;[-0.1561; 33.6493];[34.8564; -30.9178];[39.9056; -33.9555]
738; 1; 18;[-0.1863; 49.4447];[30.6995; -35.4362];[32.3234; -41.6830]
739; 1; 19;[-0.2182; 47.7934];[19.0080; -34.8413];[27.8677; -41.6060]
740; 1; 20;[-0.1529; 39.1370];[18.1643; -30.2762];[30.4656; -40.8134]
741; 1; 21;[-0.1259; 47.0478];[16.6740; -34.9881];[29.6989; -43.8684]
742; 1; 22;[-0.1284; 40.5310];[16.3555; -31.7713];[29.5998; -37.1445]
743; 1; 23;[-0.1271; 37.9263];[16.9526; -30.6715];[24.5181; -37.5954]
744; 2; 0;[-0.1503; 36.1976];[17.6654; -25.3619];[35.5129; -29.8043]
745; 2; 1;[-0.1150; 37.9199];[18.2613; -24.8815];[34.4545; -29.6765]
746; 2; 2;[-0.0743; 36.5043];[18.2884; -25.1969];[31.9725; -28.8427]
747; 2; 3;[-0.1480; 32.3227];[18.0064; -31.2158];[37.2735; -33.5638]
748; 2; 4;[-0.1539; 32.4738];[18.2531; -31.6524];[37.1583; -32.7713]
749; 2; 5;[-0.1314; 37.5234];[19.1927; -30.3711];[41.5995; -33.9215]
750; 2; 6;[-0.2289; 46.3319];[2.5029; -31.6667];[44.4445; -36.4545]
751; 2; 7;[-0.5608; 32.4495];[22.9418; -31.0757];[41.7338; -34.1042]
752; 2; 8;[-0.8845; 51.0136];[7.4195; -31.6667];[14.7818; -31.7901]
753; 2; 9;[-1.3425; 37.3822];[21.2110; -36.7945];[37.1062; -36.6266]
754; 2; 10;[-2.0158; 37.3258];[15.8197; -37.3258];[21.2822; -33.3177]
755; 2; 11;[-1.4577; 50.3701];[1.2844; -31.6667];[12.7262; -27.5712]
756; 2; 12;[-1.6162; 37.8364];[7.6558; -13.6523];[37.8264; -39.0840]
757; 2; 13;[-1.2522; 50.6967];[0.4680; -31.6667];[35.8582; -33.2670]
758; 2; 14;[-1.1264; 62.9087];[10.5591; -5.4141];[38.5180; -20.0207]
759; 2; 15;[-1.3614; 38.3861];[7.8917; -15.6948];[37.1582; -40.1900]
760; 2; 16;[-0.7038; 43.9772];[11.1798; -3.1629];[39.4834; -14.3412]
761; 2; 17;[-0.1485; 40.6334];[7.6236; -1.4778];[37.2696; -36.8268]
762; 2; 18;[-0.2271; 75.0911];[7.4119; -20.8899];[38.3847; -31.2221]
763; 2; 19;[-0.1981; 43.7746];[8.3127; -6.1224];[34.7464; -37.9795]
764; 2; 20;[-0.2032; 52.4575];[8.0259; -5.1675];[36.8647; -33.7511]
765; 2; 21;[-0.1455; 46.4171];[8.7645; -14.2294];[31.1114; -38.9587]
766; 2; 22;[-0.1409; 45.9775];[6.3901; -16.4397];[31.1059; -40.9571]
767; 2; 23;[-0.1529; 50.8579];[7.4027; -6.5486];[31.4290; -36.6528]
768; 3; 0;[-0.0777; 38.8424];[8.1366; -25.7038];[35.7650; -30.0264]
769; 3; 1;[-0.1239; 52.4772];[6.7805; -30.3738];[34.9459; -21.9907]
770; 3; 2;[-0.1416; 39.6619];[10.6735; -26.4015];[33.8148; -29.2996]
771; 3; 3;[-0.1546; 36.4673];[12.5066; -26.0126];[34.6558; -30.1830]
772; 3; 4;[-0.1600; 38.5649];[15.0720; -29.8467];[36.3962; -34.1281]
773; 3; 5;[-0.0826; 37.2861];[13.2918; -31.3786];[41.6783; -34.2496]
774; 3; 6;[-0.2244; 37.4274];[5.5202; -36.7754];[35.7755; -32.2532]
775; 3; 7;[-0.9488; 38.1798];[12.5498; -36.6640];[42.7210; -33.5197]
776; 3; 8;[-1.6914; 51.7624];[3.4100; -31.6667];[27.3441; -33.1399]
777; 3; 9;[-2.6358; 37.5054];[4.7551; -35.7253];[36.9718; -32.3836]
778; 3; 10;[-2.5038; 37.8051];[9.3080; -35.6900];[44.3059; -34.0525]
779; 3; 11;[-3.1507; 37.9676];[2.8436; -31.1311];[41.0673; -28.8933]
780; 3; 12;[-2.4774; 38.4456];[3.4704; -25.8296];[40.8924; -34.9598]
781; 3; 13;[-2.4701; 51.7977];[2.8154; -2.8923];[35.4857; -19.9112]
782; 3; 14;[-1.7947; 50.3629];[3.4750; -0.7328];[37.3654; -22.0469]
783; 3; 15;[-2.2456; 76.8297];[2.6660; -0.2080];[37.9963; -17.8891]
784; 3; 16;[-1.2976; 108.3160];[4.0100; -10.2807];[38.3599; -22.6176]
785; 3; 17;[-0.2339; 90.6049];[3.1616; -26.9764];[39.4917; -33.1883]
786; 3; 18;[-0.1513; 133.7921];[3.6293; -6.6092];[42.6110; -33.4930]
787; 3; 19;[-0.1503; 71.6984];[3.3753; -1.5529];[39.5307; -29.0198]
788; 3; 20;[-0.1885; 74.4476];[2.9513; -13.4852];[46.9759; -33.7919]
789; 3; 21;[-0.1843; 74.4170];[3.1241; -21.1939];[40.3024; -28.7396]
790; 3; 22;[-0.1748; 42.7163];[3.0287; -5.0136];[30.2276; -35.5497]
791; 3; 23;[-0.1967; 42.4475];[5.9300; -35.4066];[29.0235; -35.8345]
792; 4; 0;[-0.1809; 30.9762];[5.7488; -31.9801];[37.7844; -31.9417]
793; 4; 1;[-0.1773; 30.2482];[6.3940; -31.8191];[36.4983; -32.4666]
794; 4; 2;[-0.1287; 33.1422];[4.7669; -36.9437];[43.9310; -25.5257]
795; 4; 3;[-0.0900; 35.0166];[5.0182; -30.2715];[41.5338; -31.0891]
796; 4; 4;[-0.0889; 31.2915];[6.2727; -30.1167];[43.4026; -34.1042]
797; 4; 5;[-0.1013; 39.2026];[4.1780; -29.4234];[41.2248; -34.6932]
798; 4; 6;[-0.2983; 49.8585];[4.7546; -30.1642];[25.3841; -30.7230]
799; 4; 7;[-1.1028; 51.3284];[3.7770; -31.4782];[24.8428; -30.7421]
800; 4; 8;[-2.3710; 44.5294];[2.7120; -23.0996];[48.2103; -35.4500]
801; 4; 9;[-3.0987; 51.7608];[1.9867; -30.9142];[22.9051; -31.5398]
802; 4; 10;[-3.1142; 51.0846];[0.2938; -31.6667];[20.3156; -31.6548]
803; 4; 11;[-3.2866; 51.1790];[1.0447; -31.6667];[23.2916; -32.0879]
804; 4; 12;[-2.5739; 38.2507];[2.1618; -19.5066];[44.3837; -37.1119]
805; 4; 13;[-1.7179; 71.0474];[1.2107; -24.6998];[42.3107; -24.3910]
806; 4; 14;[-2.0181; 51.5197];[1.4750; -6.4493];[40.3722; -29.9424]
807; 4; 15;[-1.9447; 51.5294];[1.4560; -4.2730];[40.5656; -19.6228]
808; 4; 16;[-1.1364; 129.6426];[1.6301; -0.4318];[44.8989; -31.7675]
809; 4; 17;[-0.3138; 88.0014];[1.5745; -0.4189];[43.7344; -33.3610]
810; 4; 18;[-0.1783; 92.6890];[1.7413; -4.1193];[42.8609; -27.9188]
811; 4; 19;[-0.1977; 90.9056];[1.8589; -19.1174];[48.5083; -31.7639]
812; 4; 20;[-0.1520; 48.4079];[1.6725; -0.3590];[47.3459; -29.4192]
813; 4; 21;[-0.2051; 52.0733];[1.6868; -3.9341];[41.9879; -26.8579]
814; 4; 22;[-0.2425; 43.9915];[1.5940; -7.7088];[33.3501; -37.6435]
815; 4; 23;[-0.2011; 34.5683];[2.4260; -31.9468];[31.6634; -29.9767]
816; 5; 0;[-0.1907; 35.8016];[2.1649; -31.9897];[42.7950; -23.6138]
817; 5; 1;[-0.2170; 33.5371];[2.0905; -32.3844];[43.6434; -28.9879]
818; 5; 2;[-0.2187; 31.9595];[2.3160; -30.9688];[45.8124; -23.6027]
819; 5; 3;[-0.2150; 29.7761];[2.0681; -30.9305];[49.8677; -29.5563]
820; 5; 4;[-0.1183; 32.4756];[2.6205; -30.8723];[44.5798; -29.3599]
821; 5; 5;[-0.1179; 34.0763];[3.0168; -36.8910];[43.8174; -32.6308]
822; 5; 6;[-0.2954; 31.6674];[3.0314; -31.9752];[42.9015; -34.9693]
823; 5; 7;[-1.1842; 32.1476];[1.9273; -31.8312];[42.9173; -36.3148]
824; 5; 8;[-2.1923; 37.0247];[1.3245; -37.4914];[50.6861; -37.7627]
825; 5; 9;[-2.6629; 37.1464];[1.5227; -37.1566];[49.6779; -36.6836]
826; 5; 10;[-3.3136; 37.4717];[0.9096; -25.4784];[46.6043; -38.0264]
827; 5; 11;[-2.6350; 51.5083];[0.6114; -30.6153];[22.2757; -33.9785]
828; 5; 12;[-2.8981; 38.3733];[0.7922; -23.2786];[40.2619; -37.2236]
829; 5; 13;[-1.9408; 37.0361];[0.8832; -37.2655];[42.3546; -37.1182]
830; 5; 14;[-0.9565; 31.8255];[5.5677; -33.6326];[43.1895; -35.9682]
831; 5; 15;[-1.2804; 36.8895];[0.9588; -37.3093];[42.4036; -41.0618]
832; 5; 16;[-1.0521; 42.1276];[0.8169; -2.2430];[44.4650; -34.2822]
833; 5; 17;[-0.3524; 35.6959];[1.5966; -25.8494];[55.7279; -36.5998]
834; 5; 18;[-0.2356; 31.8458];[4.0476; -35.0631];[46.0810; -34.6745]
835; 5; 19;[-0.2287; 39.5523];[1.5264; -21.5001];[47.4291; -41.0455]
836; 5; 20;[-0.1675; 35.7683];[1.3429; -24.0205];[39.2887; -41.6279]
837; 5; 21;[-0.1828; 34.4333];[7.8877; -35.2014];[39.7030; -37.2075]
838; 5; 22;[-0.1593; 30.9262];[7.5912; -35.8174];[31.4832; -36.8272]
839; 5; 23;[-0.1720; 23.4198];[7.4718; -25.7849];[33.6964; -20.2748]
840; 6; 0;[-0.2019; 29.7248];[6.1456; -27.7342];[39.1174; -28.4833]
841; 6; 1;[-0.1545; 28.6907];[6.8593; -29.5289];[42.2082; -25.9550]
842; 6; 2;[-0.2047; 27.5971];[9.2595; -30.3728];[52.4393; -25.7430]
843; 6; 3;[-0.1612; 28.6223];[9.9124; -29.2771];[50.9244; -26.7281]
844; 6; 4;[-0.1821; 26.7384];[11.6885; -26.9826];[44.0233; -26.1192]
845; 6; 5;[-0.1646; 31.6353];[12.8531; -31.3736];[47.4036; -26.7481]
846; 6; 6;[-0.2614; 31.8762];[16.3191; -33.3445];[47.0387; -32.4371]
847; 6; 7;[-0.9505; 32.0796];[14.6857; -36.2442];[54.4950; -32.5177]
848; 6; 8;[-1.6884; 37.3354];[5.9755; -21.6805];[45.4176; -39.3833]
849; 6; 9;[-2.0899; 37.3115];[5.9181; -21.1603];[51.5811; -39.1822]
850; 6; 10;[-1.9065; 37.8696];[10.8816; -29.6211];[42.6197; -39.7964]
851; 6; 11;[-3.1235; 37.4540];[12.2323; -20.9199];[42.7939; -38.7364]
852; 6; 12;[-2.0297; 38.3311];[17.3249; -19.7635];[45.7758; -41.1473]
853; 6; 13;[-1.9910; 37.1976];[17.3098; -14.5425];[45.4665; -40.5942]
854; 6; 14;[-2.2862; 32.2736];[16.8542; -33.7272];[40.1468; -35.3488]
855; 6; 15;[-1.4222; 37.7490];[18.1745; -13.0363];[46.4398; -41.5269]
856; 6; 16;[-0.6678; 32.7417];[18.7510; -33.5867];[41.4042; -34.5974]
857; 6; 17;[-0.5068; 36.9852];[16.3711; -32.3087];[39.5455; -32.0425]
858; 6; 18;[-0.1281; 38.5578];[13.3975; -9.6355];[38.1812; -38.2565]
859; 6; 19;[-0.2520; 45.8981];[13.2373; -14.0839];[37.0512; -47.2959]
860; 6; 20;[-0.1929; 46.7245];[11.7359; -11.8919];[35.0738; -45.6554]
861; 6; 21;[-0.1917; 33.5899];[11.7130; -30.9912];[34.1949; -35.7287]
862; 6; 22;[-0.2529; 33.4577];[11.9802; -30.1339];[33.9150; -32.7225]
863; 6; 23;[-0.2503; 32.6659];[14.7192; -27.0062];[35.1995; -26.7760]
864; 7; 0;[-0.2378; 27.8033];[13.3396; -26.1793];[34.9690; -23.6712]
865; 7; 1;[-0.1657; 29.6726];[13.3327; -24.9514];[40.1516; -22.9285]
866; 7; 2;[-0.1433; 32.5248];[19.7036; -29.9709];[39.8023; -33.8722]
867; 7; 3;[-0.2236; 28.9031];[20.2198; -25.0655];[36.7614; -27.1370]
868; 7; 4;[-0.1567; 32.7101];[19.6185; -28.8040];[34.0694; -31.9185]
869; 7; 5;[-0.1593; 32.6557];[20.4679; -31.2100];[34.9607; -34.4886]
870; 7; 6;[-0.4162; 32.6964];[23.9964; -29.4792];[34.1062; -35.5283]
871; 7; 7;[-1.3123; 36.6273];[24.3646; -33.4793];[41.5687; -38.5919]
872; 7; 8;[-2.2268; 32.6538];[18.8999; -29.9265];[40.5536; -35.4602]
873; 7; 9;[-2.8912; 32.4465];[19.3147; -31.3305];[35.9405; -35.2075]
874; 7; 10;[-2.7072; 32.2000];[20.2746; -29.3873];[30.0640; -35.7314]
875; 7; 11;[-3.5722; 32.3009];[19.5896; -27.6271];[32.9234; -36.0822]
876; 7; 12;[-2.6947; 38.3127];[24.4067; -33.9932];[35.4978; -38.8488]
877; 7; 13;[-1.9919; 38.6921];[25.2557; -34.8159];[29.5927; -39.7916]
878; 7; 14;[-1.8138; 33.1040];[27.9163; -29.7690];[28.2669; -36.7365]
879; 7; 15;[-1.4914; 39.0194];[28.7655; -34.8238];[27.7193; -42.2234]
880; 7; 16;[-1.1300; 38.8565];[25.2916; -35.2482];[29.4971; -42.9958]
881; 7; 17;[-0.3617; 42.2837];[23.4853; -9.8138];[29.4813; -40.3472]
882; 7; 18;[-0.2149; 48.6489];[18.2741; -32.5925];[26.2566; -39.2085]
883; 7; 19;[-0.1945; 44.9980];[17.2523; -34.8746];[26.9442; -44.7794]
884; 7; 20;[-0.1649; 52.1897];[18.8010; -35.4540];[28.9242; -38.4753]
885; 7; 21;[-0.1730; 29.5867];[17.6093; -30.7021];[25.3886; -36.4151]
886; 7; 22;[-0.1791; 39.9178];[18.3028; -31.0570];[26.9280; -36.3817]
887; 7; 23;[-0.1577; 45.1712];[20.1571; -29.9435];[25.7490; -33.0340]
888; 1; 0;[-0.1657; 40.2112];[29.1995; -24.9218];[30.9315; -26.9299]
889; 1; 1;[-0.1556; 43.1058];[33.8335; -25.3495];[32.3399; -26.3888]
890; 1; 2;[-0.2228; 20.9594];[26.3548; -24.6438];[34.1948; -23.5194]
891; 1; 3;[-0.1853; 43.2182];[33.7529; -30.3969];[22.7888; -24.9890]
892; 1; 4;[-0.1282; 34.6271];[32.5073; -25.2235];[26.5897; -26.5516]
893; 1; 5;[-0.1347; 37.6536];[24.8993; -36.1792];[22.4502; -14.4973]
894; 1; 6;[-0.3105; 36.0049];[32.0840; -34.7361];[24.6821; -28.7376]
895; 1; 7;[-0.9437; 37.1679];[29.8838; -34.6430];[14.1171; -30.4778]
896; 1; 8;[-1.3930; 36.6726];[27.1840; -33.6367];[6.7808; -30.2355]
897; 1; 9;[-2.6141; 36.3066];[16.2660; -26.2145];[29.9557; -37.8211]
898; 1; 10;[-2.5288; 36.9081];[16.2117; -35.1894];[29.6167; -38.4954]
899; 1; 11;[-2.6944; 37.3888];[12.8473; -26.3882];[27.3348; -36.9976]
900; 1; 12;[-2.7957; 51.1500];[6.9366; -31.6667];[15.0770; -32.7088]
901; 1; 13;[-2.6259; 37.3516];[25.5910; -36.0067];[41.5846; -38.7569]
902; 1; 14;[-2.1531; 50.2997];[14.6784; -2.7798];[29.4504; -21.0643]
903; 1; 15;[-1.9513; 89.3072];[12.8431; -27.3606];[34.5227; -31.3145]
904; 1; 16;[-0.9969; 38.1224];[36.3211; -35.4068];[32.2380; -39.8234]
905; 1; 17;[-0.2338; 38.9714];[34.2784; -35.9344];[32.8312; -43.2236]
906; 1; 18;[-0.2225; 49.3158];[12.1825; -0.9096];[30.7987; -35.2083]
907; 1; 19;[-0.2489; 41.8353];[19.1867; -35.6089];[32.8398; -42.9684]
908; 1; 20;[-0.1110; 46.0436];[9.8175; -29.2946];[35.7665; -41.0260]
909; 1; 21;[-0.1876; 42.0218];[13.5745; -35.4871];[25.6662; -44.1191]
910; 1; 22;[-0.1687; 43.1162];[13.2249; -34.8222];[24.6860; -43.6910]
911; 1; 23;[-0.1710; 45.5456];[11.3332; -18.5744];[25.8178; -46.0205]
912; 2; 0;[-0.2089; 41.7337];[13.7344; -35.4728];[32.4400; -25.9062]
913; 2; 1;[-0.1542; 31.6968];[15.4165; -30.5739];[30.2620; -34.6178]
914; 2; 2;[-0.1533; 34.3632];[15.2011; -24.2239];[40.6231; -30.5537]
915; 2; 3;[-0.2148; 34.2376];[18.7053; -24.1857];[37.6936; -28.5737]
916; 2; 4;[-0.2194; 34.9113];[15.4749; -23.6308];[39.4488; -27.8260]
917; 2; 5;[-0.2126; 30.9879];[15.9984; -29.5676];[47.1333; -31.0150]
918; 2; 6;[-0.3481; 37.0846];[17.6244; -36.3756];[47.1125; -34.8952]
919; 2; 7;[-0.8674; 37.6906];[14.9647; -36.7974];[22.5702; -30.5457]
920; 2; 8;[-1.3757; 37.3591];[13.7284; -36.6838];[45.6294; -37.3055]
921; 2; 9;[-1.9208; 36.6959];[6.7148; -31.6667];[32.6471; -35.0762]
922; 2; 10;[-2.6135; 37.1014];[9.4801; -23.0820];[39.3420; -37.7813]
923; 2; 11;[-2.2250; 50.4530];[8.0968; -31.6059];[10.8070; -32.7100]
924; 2; 12;[-2.2205; 38.0094];[8.5077; -23.5018];[35.6126; -37.2525]
925; 2; 13;[-2.0852; 50.4495];[1.2940; -31.6667];[14.5326; -33.2009]
926; 2; 14;[-1.7927; 92.6659];[0.0000; 0.0000];[30.0384; -33.6998]
927; 2; 15;[-1.7497; 57.6333];[0.0000; 0.0000];[24.6721; -34.0444]
928; 2; 16;[-0.9720; 42.4992];[9.2476; -31.6667];[37.4876; -39.3349]
929; 2; 17;[-0.2543; 58.6594];[3.3582; -29.5578];[37.5013; -35.0146]
930; 2; 18;[-0.2513; 59.5486];[3.4234; -31.6667];[35.8957; -35.3410]
931; 2; 19;[-0.2366; 43.5409];[7.8234; -23.4200];[34.9755; -37.5159]
932; 2; 20;[-0.2100; 65.6708];[5.4569; -31.0450];[31.3890; -33.9232]
933; 2; 21;[-0.1760; 49.9722];[6.0845; -18.6183];[29.7267; -28.5214]
934; 2; 22;[-0.1824; 42.8102];[8.8874; -35.6367];[29.8756; -36.5802]
935; 2; 23;[-0.1857; 43.6995];[7.9785; -12.1538];[31.3951; -41.8179]
936; 3; 0;[-0.1156; 37.6047];[9.7743; -36.5178];[38.4329; -31.4833]
937; 3; 1;[-0.1481; 35.3087];[8.6070; -30.5025];[46.3470; -28.2144]
938; 3; 2;[-0.1755; 34.0919];[10.6093; -30.5711];[37.1067; -31.2685]
939; 3; 3;[-0.1929; 32.5513];[10.7624; -29.5726];[37.3433; -29.6879]
940; 3; 4;[-0.1761; 33.2722];[13.0335; -25.3369];[37.1295; -26.3406]
941; 3; 5;[-0.1274; 37.7880];[10.2638; -36.6216];[37.5078; -34.3766]
942; 3; 6;[-0.2944; 43.8892];[6.3659; -30.5415];[13.2684; -32.9742]
943; 3; 7;[-1.1029; 50.6164];[4.4175; -31.6480];[13.9668; -33.4057]
944; 3; 8;[-1.9481; 50.4959];[3.2442; -31.6667];[16.5184; -32.9529]
945; 3; 9;[-2.8430; 57.0938];[3.5359; -25.9794];[13.4622; -31.9765]
946; 3; 10;[-2.9564; 57.6903];[3.0292; -31.5113];[12.2500; -33.8726]
947; 3; 11;[-3.5447; 50.4986];[1.0846; -31.6667];[12.6769; -31.6500]
948; 3; 12;[-3.0594; 37.8100];[2.1015; -31.6667];[38.5258; -39.2939]
949; 3; 13;[-2.9281; 50.2712];[2.7354; -16.3097];[44.7966; -36.5989]
950; 3; 14;[-1.5605; 37.8692];[3.7203; -24.7890];[40.4090; -36.8619]
951; 3; 15;[-2.3036; 57.6191];[0.0000; 0.0000];[29.3103; -34.4656]
952; 3; 16;[-0.9855; 42.4364];[0.0000; 0.0000];[40.8924; -37.5323]
953; 3; 17;[-0.3047; 59.2474];[0.0000; 0.0000];[25.7556; -35.3524]
954; 3; 18;[-0.1610; 44.0065];[0.0000; 0.0000];[24.8122; -36.5355]
955; 3; 19;[-0.1879; 41.8171];[0.0000; 0.0000];[22.2060; -36.8051]
956; 3; 20;[-0.1944; 35.1668];[5.8714; -36.4982];[32.5038; -39.0744]
957; 3; 21;[-0.1952; 30.3491];[6.0859; -31.6436];[32.0773; -35.4736]
958; 3; 22;[-0.1693; 37.1556];[5.6271; -36.5480];[33.4241; -37.0363]
959; 3; 23;[-0.1770; 37.1103];[6.4775; -36.1529];[32.6570; -41.9165]
960; 4; 0;[-0.1022; 31.8779];[6.8234; -31.4476];[39.7153; -33.0248]
961; 4; 1;[-0.1500; 37.2414];[4.7995; -37.0159];[16.0149; -31.2008]
962; 4; 2;[-0.1080; 32.0435];[4.3347; -31.5665];[46.9398; -34.0043]
963; 4; 3;[-0.0983; 30.7255];[5.1451; -30.4752];[53.2415; -30.0806]
964; 4; 4;[-0.1032; 31.0332];[6.0165; -30.7749];[45.1648; -30.8624]
965; 4; 5;[-0.1049; 37.2395];[4.5450; -37.0443];[50.0329; -38.2982]
966; 4; 6;[-0.3043; 43.5326];[3.9041; -37.1286];[50.0036; -36.8349]
967; 4; 7;[-0.8733; 43.5528];[3.2933; -31.2463];[44.5522; -37.6539]
968; 4; 8;[-1.8004; 57.9456];[3.8959; -31.6464];[6.2589; -33.5923]
969; 4; 9;[-2.3613; 50.8598];[0.0000; 0.0000];[9.7224; -32.9778]
970; 4; 10;[-2.5052; 50.6487];[0.9220; -31.6667];[7.8282; -33.6249]
971; 4; 11;[-2.5198; 37.4202];[0.3575; -31.6667];[44.8770; -40.9826]
972; 4; 12;[-2.2429; 50.8930];[0.0000; 0.0000];[5.3264; -34.2426]
973; 4; 13;[-1.4094; 37.0002];[1.9691; -36.9806];[40.9904; -37.9471]
974; 4; 14;[-1.5974; 37.9778];[2.0855; -23.6223];[42.3693; -38.5623]
975; 4; 15;[-1.5967; 37.0373];[2.4293; -36.3066];[42.9356; -38.9495]
976; 4; 16;[-0.9004; 41.5969];[0.8610; -1.0167];[42.2538; -30.7473]
977; 4; 17;[-0.2761; 36.2248];[2.6468; -36.4108];[41.5843; -37.3086]
978; 4; 18;[-0.1750; 40.6775];[0.6871; -2.5160];[40.3573; -32.0531]
979; 4; 19;[-0.1812; 36.5605];[1.8752; -36.8528];[39.8631; -38.6324]
980; 4; 20;[-0.1695; 34.2353];[2.2798; -36.4361];[42.2917; -40.9628]
981; 4; 21;[-0.2078; 34.3059];[1.0531; -21.6741];[37.8981; -38.0013]
982; 4; 22;[-0.2135; 28.6453];[1.6385; -32.0375];[35.4615; -31.5554]
983; 4; 23;[-0.1368; 29.6982];[1.9932; -31.7065];[39.4754; -36.1405]
984; 5; 0;[-0.1282; 29.1331];[2.2568; -30.6160];[40.1159; -31.6870]
985; 5; 1;[-0.1370; 27.3319];[1.2754; -25.4789];[50.3486; -27.8315]
986; 5; 2;[-0.1799; 30.6524];[1.4791; -30.8241];[46.9477; -34.2742]
987; 5; 3;[-0.2199; 32.0402];[1.4167; -25.9480];[64.5468; -27.1929]
988; 5; 4;[-0.1328; 33.0412];[1.7053; -31.1693];[44.0125; -33.0718]
989; 5; 5;[-0.1222; 30.6640];[1.8106; -31.5539];[47.3131; -34.6272]
990; 5; 6;[-0.3307; 42.2698];[1.5786; -37.3308];[45.1509; -37.2356]
991; 5; 7;[-0.9834; 31.6867];[1.2750; -31.5115];[49.8932; -35.0683]
992; 5; 8;[-2.2781; 43.5032];[0.9451; -23.3270];[58.7090; -36.3192]
993; 5; 9;[-2.8319; 36.8814];[0.5661; -29.4567];[47.5432; -34.6896]
994; 5; 10;[-3.4782; 37.4091];[0.8390; -15.4919];[44.6635; -35.0877]
995; 5; 11;[-3.1074; 31.9681];[0.9054; -32.1071];[43.5554; -37.0617]
996; 5; 12;[-3.2521; 38.3440];[0.7994; -22.2916];[39.4873; -39.0208]
997; 5; 13;[-2.4933; 38.4271];[0.8284; -5.4884];[36.8550; -40.6703]
998; 5; 14;[-1.6572; 38.0278];[0.8580; -33.3198];[43.6976; -42.1229]
999; 5; 15;[-1.6697; 51.2331];[0.0000; 0.0000];[44.1688; -39.1003]
1000; 5; 16;[-0.8769; 39.5936];[0.9266; -21.6727];[45.0984; -36.5119]
1001; 5; 17;[-0.3110; 38.8550];[0.6794; -21.4712];[54.2759; -40.8695]
1002; 5; 18;[-0.1679; 32.4056];[0.9496; -32.8105];[49.9542; -33.9127]
1003; 5; 19;[-0.2265; 32.5863];[0.8822; -33.6085];[46.8625; -33.5238]
1004; 5; 20;[-0.1783; 32.1502];[3.0274; -35.2633];[37.7624; -36.4854]
1005; 5; 21;[-0.1694; 34.7250];[1.6689; -24.1871];[38.8972; -41.2006]
1006; 5; 22;[-0.1754; 35.1218];[2.8912; -19.8129];[33.6200; -41.3431]
1007; 5; 23;[-0.1795; 30.8676];[3.6599; -29.6733];[36.7217; -29.9462]
1008; 6; 0;[-0.1870; 31.5100];[3.8153; -31.7345];[36.6190; -30.2061]
1009; 6; 1;[-0.1695; 31.1980];[3.9200; -29.5915];[41.2851; -27.3850]
1010; 6; 2;[-0.1649; 29.6727];[9.6505; -28.9091];[43.6065; -28.2379]
1011; 6; 3;[-0.1127; 29.4938];[9.2303; -27.4665];[44.4223; -22.1528]
1012; 6; 4;[-0.0873; 30.9003];[11.6553; -31.8577];[50.1107; -27.7350]
1013; 6; 5;[-0.1287; 36.9005];[12.4691; -27.5306];[53.9186; -35.5896]
1014; 6; 6;[-0.2051; 30.5820];[5.9061; -23.1587];[53.9897; -35.9510]
1015; 6; 7;[-0.6946; 43.3240];[0.9541; -37.3683];[72.8205; -37.5463]
1016; 6; 8;[-1.8916; 25.3768];[5.6805; -26.3871];[67.9820; -38.5776]
1017; 6; 9;[-2.4374; 36.2501];[0.2152; -5.2827];[2.5694; -30.8403]
1018; 6; 10;[-2.5107; 24.5485];[6.3023; -26.3025];[39.7799; -41.1364]
1019; 6; 11;[-3.4277; 28.5903];[2.1108; -27.1905];[37.4643; -39.9803]
1020; 6; 12;[-1.7673; 32.7496];[11.9647; -32.8657];[34.8409; -38.6768]
1021; 6; 13;[-1.7114; 39.9544];[7.6610; -23.2198];[40.8884; -41.0944]
1022; 6; 14;[-2.5900; 28.2118];[19.0707; -34.3927];[44.7696; -35.6439]
1023; 6; 15;[-1.6982; 26.9394];[8.2679; -20.2322];[50.5509; -36.2412]
1024; 6; 16;[-0.5404; 32.5493];[7.3610; -18.6674];[47.4964; -41.9754]
1025; 6; 17;[-0.4768; 34.6458];[17.1373; -28.5199];[42.0355; -37.9686]
1026; 6; 18;[-0.0733; 26.8493];[14.0028; -28.8460];[38.1480; -39.2721]
1027; 6; 19;[-0.2273; 38.2862];[12.0588; -29.8017];[34.3774; -42.1764]
1028; 6; 20;[-0.1374; 47.1627];[12.8749; -27.1148];[34.6629; -42.8900]
1029; 6; 21;[-0.1317; 50.5191];[15.1733; -29.9922];[34.2671; -35.5780]
1030; 6; 22;[-0.1524; 48.6541];[15.0183; -32.3302];[31.8081; -36.4817]
1031; 6; 23;[-0.1496; 42.3936];[17.5336; -29.0423];[32.7833; -31.0611]
1032; 7; 0;[-0.1494; 36.2194];[19.1236; -25.6845];[33.1076; -29.0109]
1033; 7; 1;[-0.1202; 32.7851];[16.6526; -25.5496];[32.8180; -28.9374]
1034; 7; 2;[-0.1243; 36.3047];[26.6550; -27.3645];[46.3011; -27.2162]
1035; 7; 3;[-0.1878; 33.9612];[28.2147; -27.6318];[58.5562; -27.2958]
1036; 7; 4;[-0.1671; 33.9812];[30.8712; -23.7844];[45.4251; -20.7954]
1037; 7; 5;[-0.1402; 37.0735];[27.5444; -31.5665];[36.9435; -37.2032]
1038; 7; 6;[-0.4028; 34.8406];[25.7255; -31.5208];[37.3654; -34.4767]
1039; 7; 7;[-1.0828; 34.3648];[34.2697; -33.1426];[39.0528; -37.4705]
1040; 7; 8;[-2.3250; 36.6948];[6.3430; -27.6201];[33.9381; -38.1249]
1041; 7; 9;[-2.8978; 33.0170];[28.1287; -32.1206];[32.0771; -39.2960]
1042; 7; 10;[-3.0178; 33.0407];[28.7194; -31.0422];[29.4991; -37.6896]
1043; 7; 11;[-3.7098; 32.7990];[24.6295; -31.9303];[32.8454; -36.3980]
1044; 7; 12;[-3.0976; 38.9301];[17.3585; -19.9693];[28.1616; -44.9753]
1045; 7; 13;[-2.4955; 32.2331];[20.4217; -20.4326];[29.7749; -39.6160]
1046; 7; 14;[-2.2516; 38.9016];[34.9004; -32.7986];[28.8396; -42.7477]
1047; 7; 15;[-1.7344; 33.3460];[37.8136; -32.0681];[35.8232; -35.0124]
1048; 7; 16;[-1.2299; 34.8126];[30.4025; -31.5717];[37.2911; -38.9974]
1049; 7; 17;[-0.3956; 33.4359];[32.7305; -31.8284];[33.4964; -37.2361]
1050; 7; 18;[-0.2370; 41.8121];[27.2436; -32.0562];[35.7300; -35.5066]
1051; 7; 19;[-0.2173; 42.2571];[22.6737; -31.4577];[27.6087; -42.9329]
1052; 7; 20;[-0.2193; 38.0203];[8.8357; -21.6082];[22.5159; -44.0411]
1053; 7; 21;[-0.2278; 38.8992];[27.2881; -26.9882];[23.3348; -31.4430]
1054; 7; 22;[-0.2261; 38.0529];[28.1206; -31.6147];[23.0198; -37.5789]
1055; 7; 23;[-0.2097; 38.1611];[29.6306; -26.1956];[22.9249; -28.8537]
1056; 1; 0;[-0.2162; 34.4052];[35.2382; -30.8516];[28.1296; -33.5416]
1057; 1; 1;[-0.2121; 38.5869];[39.3699; -30.6315];[29.7107; -32.2140]
1058; 1; 2;[-0.2321; 34.6951];[55.9263; -30.9355];[21.3555; -33.0014]
1059; 1; 3;[-0.2006; 34.3544];[49.4416; -26.0673];[22.2304; -27.6500]
1060; 1; 4;[-0.1647; 35.0020];[56.0078; -37.3891];[3.4202; -32.3812]
1061; 1; 5;[-0.1740; 30.1592];[61.0665; -32.1220];[28.8069; -35.5686]
1062; 1; 6;[-0.3106; 49.5330];[4.0215; -28.6349];[1.8582; -33.1736]
1063; 1; 7;[-0.7740; 32.3147];[64.2816; -37.0888];[30.8309; -33.8208]
1064; 1; 8;[-1.7629; 44.1997];[1.6453; -29.7609];[4.9347; -30.0644]
1065; 1; 9;[-2.8183; 58.6299];[2.2822; -31.1138];[4.2445; -30.5729]
1066; 1; 10;[-2.9877; 51.3797];[1.5165; -30.0977];[4.1008; -31.2750]
1067; 1; 11;[-3.0892; 51.2009];[2.1867; -31.6667];[2.6556; -29.8151]
1068; 1; 12;[-3.1860; 37.2901];[60.0221; -37.2383];[28.8314; -39.7961]
1069; 1; 13;[-2.9196; 51.4698];[0.6331; -26.7704];[3.6867; -32.6588]
1070; 1; 14;[-2.4029; 51.4277];[0.0000; 0.0000];[8.3156; -33.2618]
1071; 1; 15;[-2.0392; 51.4844];[0.0000; 0.0000];[7.9735; -34.1360]
1072; 1; 16;[-1.0474; 38.9316];[0.9457; -17.1589];[34.0004; -40.3064]
1073; 1; 17;[-0.2790; 57.3960];[0.0000; 0.0000];[9.4694; -35.0662]
1074; 1; 18;[-0.2222; 44.0630];[9.6021; -19.8154];[29.0936; -45.6972]
1075; 1; 19;[-0.2208; 42.6830];[0.0000; 0.0000];[31.0142; -41.6089]
1076; 1; 20;[-0.0777; 37.5038];[22.2528; -35.7293];[30.4210; -41.2030]
1077; 1; 21;[-0.1805; 39.2305];[16.2780; -36.2213];[27.0292; -38.4099]
1078; 1; 22;[-0.1803; 36.0120];[18.3158; -34.4837];[25.0130; -41.0018]
1079; 1; 23;[-0.1829; 34.4461];[20.3299; -30.8819];[24.0775; -38.7072]
1080; 2; 0;[-0.2001; 36.7777];[20.8774; -37.0783];[31.3799; -37.7396]
1081; 2; 1;[-0.1923; 33.6075];[19.3096; -25.8830];[33.1343; -30.4850]
1082; 2; 2;[-0.1645; 31.0116];[20.7742; -26.5359];[32.4588; -33.2331]
1083; 2; 3;[-0.1789; 37.2138];[23.7464; -31.6609];[36.4804; -36.2818]
1084; 2; 4;[-0.1852; 36.0257];[24.3149; -31.2309];[43.7069; -36.1579]
1085; 2; 5;[-0.1693; 35.5863];[24.8346; -29.5119];[39.4829; -34.8006]
1086; 2; 6;[-0.2740; 54.1725];[7.0213; -29.4174];[6.1571; -32.9641]
1087; 2; 7;[-1.0138; 37.9428];[18.0616; -36.7073];[14.1837; -30.1495]
1088; 2; 8;[-1.7379; 37.7931];[27.9616; -37.2579];[18.1794; -30.3572]
1089; 2; 9;[-2.3528; 37.6245];[23.5372; -36.9489];[49.2850; -36.5879]
1090; 2; 10;[-2.9987; 52.0296];[6.2551; -31.6667];[9.6438; -32.1827]
1091; 2; 11;[-2.8185; 38.0250];[5.8634; -31.6667];[8.4439; -33.5674]
1092; 2; 12;[-2.7992; 51.9123];[2.7509; -31.6667];[13.7687; -32.8616]
1093; 2; 13;[-2.6679; 59.7228];[2.9663; -31.6667];[24.7492; -33.4168]
1094; 2; 14;[-2.2710; 59.6446];[13.3839; -7.3703];[32.9026; -17.6512]
1095; 2; 15;[-2.0048; 60.1768];[8.9318; -7.5634];[34.5246; -16.4690]
1096; 2; 16;[-1.1339; 88.9905];[13.0668; -7.5309];[35.5445; -15.0383]
1097; 2; 17;[-0.3291; 62.7925];[11.2601; -5.8256];[35.2856; -13.6018]
1098; 2; 18;[-0.2410; 64.2778];[8.5562; -31.0012];[35.5789; -30.1674]
1099; 2; 19;[-0.2352; 46.8707];[9.5515; -1.8868];[37.0874; -13.8575]
1100; 2; 20;[-0.1589; 59.3402];[8.4860; -3.6828];[34.3609; -9.3640]
1101; 2; 21;[-0.2037; 48.1715];[7.6510; -16.5196];[31.3032; -43.3231]
1102; 2; 22;[-0.1907; 41.0153];[7.0677; -18.8272];[29.4371; -43.9621]
1103; 2; 23;[-0.1955; 37.9343];[13.7727; -36.4336];[30.5626; -36.1314]
1104; 3; 0;[-0.1543; 40.9476];[12.7444; -36.5756];[29.8286; -14.4235]
1105; 3; 1;[-0.1677; 34.0817];[12.8626; -32.4038];[34.7127; -28.5461]
1106; 3; 2;[-0.1957; 33.9738];[14.7478; -31.6546];[33.3737; -28.9622]
1107; 3; 3;[-0.2092; 33.7318];[16.8456; -31.9846];[30.1178; -35.0897]
1108; 3; 4;[-0.1927; 34.3520];[19.0300; -32.3447];[36.7242; -34.3466]
1109; 3; 5;[-0.1678; 34.2555];[15.1968; -31.5384];[39.0116; -31.7529]
1110; 3; 6;[-0.3421; 38.9414];[15.5942; -36.4729];[33.2050; -31.0070]
1111; 3; 7;[-1.2175; 59.4180];[11.8063; -31.6062];[19.1184; -29.6897]
1112; 3; 8;[-2.1641; 52.8089];[10.6050; -31.6203];[20.7849; -31.6009]
1113; 3; 9;[-2.9098; 59.3229];[4.2981; -31.6667];[23.9718; -31.7178]
1114; 3; 10;[-3.2484; 52.4540];[2.1167; -31.6667];[23.3060; -32.6060]
1115; 3; 11;[-3.7415; 59.7253];[2.1622; -31.6667];[23.6656; -33.5835]
1116; 3; 12;[-3.3866; 38.7874];[2.3822; -30.6496];[37.8461; -34.1745]
1117; 3; 13;[-3.2010; 52.0038];[2.4215; -23.1978];[40.3622; -25.4426]
1118; 3; 14;[-2.1117; 51.6436];[4.4499; -31.0972];[38.5432; -30.0773]
1119; 3; 15;[-2.4219; 52.4415];[6.9698; -31.3213];[38.1185; -28.5407]
1120; 3; 16;[-1.0984; 51.4862];[2.9562; -2.8631];[43.1673; -18.9272]
1121; 3; 17;[-0.3782; 37.4599];[3.0186; -27.0737];[43.9389; -39.2694]
1122; 3; 18;[-0.2092; 44.2382];[2.9458; -1.6372];[44.5325; -22.8134]
1123; 3; 19;[-0.2209; 61.7041];[2.8749; -1.0076];[37.3070; -14.3267]
1124; 3; 20;[-0.2032; 59.2047];[1.7846; -30.9819];[37.3703; -30.9526]
1125; 3; 21;[-0.1894; 41.7722];[5.7276; -36.8019];[32.9625; -38.4788]
1126; 3; 22;[-0.1846; 40.5312];[4.8708; -37.1910];[33.5394; -38.2745]
1127; 3; 23;[-0.2162; 40.6465];[6.0457; -36.7805];[41.3407; -42.9174]
1128; 4; 0;[-0.1463; 32.5943];[7.5744; -33.1892];[48.5500; -31.0632]
1129; 4; 1;[-0.1967; 33.7627];[4.7823; -32.6397];[53.9298; -30.6078]
1130; 4; 2;[-0.1939; 37.5959];[4.6616; -32.8028];[45.9788; -32.1765]
1131; 4; 3;[-0.1891; 34.0307];[4.6819; -32.5342];[43.7328; -32.9302]
1132; 4; 4;[-0.1860; 28.1879];[5.4405; -31.5311];[41.9357; -34.1629]
1133; 4; 5;[-0.1876; 25.7486];[6.0129; -31.9124];[46.0165; -30.1536]
1134; 4; 6;[-0.3474; 42.8426];[3.6851; -30.8757];[20.5817; -31.1320]
1135; 4; 7;[-1.0766; 58.6765];[3.2862; -31.5456];[23.5589; -31.3482]
1136; 4; 8;[-2.0332; 52.0128];[2.9170; -31.6116];[21.8098; -31.8098]
1137; 4; 9;[-2.5797; 51.9632];[1.1350; -31.4151];[22.1191; -32.1203]
1138; 4; 10;[-2.9305; 52.2331];[1.0832; -31.0455];[20.6978; -32.5382]
1139; 4; 11;[-3.0551; 38.3811];[1.2253; -19.8161];[42.6258; -37.3342]
1140; 4; 12;[-2.7995; 38.4412];[0.9829; -31.2591];[26.4022; -36.6191]
1141; 4; 13;[-2.0573; 52.5103];[0.3873; -31.6667];[9.7880; -33.8042]
1142; 4; 14;[-2.0897; 39.6810];[2.0221; -22.0820];[44.1052; -41.0991]
1143; 4; 15;[-1.8887; 39.5083];[1.2405; -6.4888];[43.4415; -39.9376]
1144; 4; 16;[-1.0701; 38.5365];[1.4957; -26.8050];[43.3540; -43.8244]
1145; 4; 17;[-0.3158; 41.2967];[0.8016; -29.3901];[42.8094; -39.4687]
1146; 4; 18;[-0.1833; 40.2512];[0.7574; -29.2488];[43.2271; -40.5099]
1147; 4; 19;[-0.1856; 39.9138];[0.9737; -12.2266];[42.7276; -41.2419]
1148; 4; 20;[-0.2225; 38.7451];[1.3871; -36.0748];[50.6619; -41.2696]
1149; 4; 21;[-0.2475; 38.7527];[1.1551; -32.9651];[64.0111; -36.8638]
1150; 4; 22;[-0.2373; 37.5234];[1.2378; -32.9182];[42.0792; -40.6826]
1151; 4; 23;[-0.1497; 37.6087];[1.4004; -32.6738];[37.8374; -42.2012]
1152; 5; 0;[-0.1757; 32.7986];[1.6750; -32.8393];[44.0814; -34.9156]
1153; 5; 1;[-0.1869; 33.1616];[1.2261; -27.0814];[38.2448; -30.8915]
1154; 5; 2;[-0.2242; 32.1380];[1.5888; -26.5285];[45.0262; -29.9261]
1155; 5; 3;[-0.2380; 34.1628];[1.9686; -26.7359];[45.1671; -27.1626]
1156; 5; 4;[-0.0957; 34.6180];[2.0486; -31.7295];[43.8379; -34.2750]
1157; 5; 5;[-0.0943; 44.9681];[0.9096; -30.4134];[52.0494; -41.1233]
1158; 5; 6;[-0.3259; 33.1697];[1.9282; -32.9031];[55.9977; -37.6341]
1159; 5; 7;[-0.9284; 50.6955];[0.6552; -28.4199];[5.1475; -28.6655]
1160; 5; 8;[-1.7193; 51.6253];[0.5407; -29.4991];[4.6884; -28.6260]
1161; 5; 9;[-2.1621; 44.8727];[0.8889; -29.4567];[10.3651; -30.1834]
1162; 5; 10;[-2.6438; 37.6222];[0.7433; -30.0328];[26.0162; -33.0541]
1163; 5; 11;[-2.4046; 51.9954];[0.0000; 0.0000];[35.2574; -31.7762]
1164; 5; 12;[-2.5018; 52.1184];[0.7690; -31.1905];[34.4564; -32.3312]
1165; 5; 13;[-1.9620; 52.6244];[0.0000; 0.0000];[33.8970; -32.8155]
1166; 5; 14;[-1.3722; 52.4918];[0.0000; 0.0000];[30.6062; -33.2490]
1167; 5; 15;[-1.3425; 52.0622];[0.0000; 0.0000];[27.5902; -33.7008]
1168; 5; 16;[-0.7441; 60.5937];[0.0000; 0.0000];[22.7174; -34.1660]
1169; 5; 17;[-0.2999; 61.8315];[0.0000; 0.0000];[37.0292; -35.1478]
1170; 5; 18;[-0.1932; 62.2086];[0.0000; 0.0000];[35.6761; -35.5963]
1171; 5; 19;[-0.2446; 109.3184];[0.0000; 0.0000];[31.8567; -35.9913]
1172; 5; 20;[-0.2686; 113.3051];[0.0000; 0.0000];[22.7089; -36.2086]
1173; 5; 21;[-0.2941; 50.6622];[5.2449; -9.2935];[38.6359; -40.4599]
1174; 5; 22;[-0.2637; 46.2213];[5.4115; -10.7979];[36.4232; -44.3359]
1175; 5; 23;[-0.3022; 51.4815];[5.8614; -8.5083];[36.0094; -41.2945]
1176; 6; 0;[-0.3023; 33.5810];[5.3238; -17.6101];[41.7195; -31.9867]
1177; 6; 1;[-0.2843; 33.4195];[5.8405; -31.2174];[46.8704; -34.6068]
1178; 6; 2;[-0.2254; 36.1045];[13.9418; -5.8929];[41.9863; -31.8022]
1179; 6; 3;[-0.1880; 38.0937];[11.4671; -7.3669];[39.1986; -33.2592]
1180; 6; 4;[-0.1668; 52.0695];[12.4484; -28.8886];[19.0180; -31.5081]
1181; 6; 5;[-0.2130; 37.6885];[13.7777; -34.6705];[45.3307; -31.5299]
1182; 6; 6;[-0.3188; 55.5210];[3.6969; -31.6667];[22.5398; -31.1004]
1183; 6; 7;[-0.8883; 33.4138];[15.0329; -21.3500];[57.0253; -35.4042]
1184; 6; 8;[-1.6123; 38.1520];[9.3174; -32.1769];[15.0851; -32.2276]
1185; 6; 9;[-1.9062; 38.0902];[12.2614; -18.7604];[51.2338; -38.7964]
1186; 6; 10;[-1.9711; 38.3535];[9.6583; -26.0360];[28.0937; -37.0896]
1187; 6; 11;[-2.7979; 39.2829];[12.1628; -22.5382];[42.6447; -41.0909]
1188; 6; 12;[-2.4239; 33.3644];[15.6036; -15.4091];[41.4770; -37.8548]
1189; 6; 13;[-1.5786; 38.1678];[14.7001; -20.4699];[39.8711; -40.3176]
1190; 6; 14;[-1.9391; 38.2458];[15.3194; -22.4200];[40.9378; -31.0806]
1191; 6; 15;[-1.2942; 37.9337];[15.3431; -22.6614];[44.2820; -43.1385]
1192; 6; 16;[-0.4334; 39.3909];[8.4986; -16.6303];[43.1796; -43.1352]
1193; 6; 17;[-0.3225; 42.1765];[13.3778; -21.1672];[38.5465; -43.4057]
1194; 6; 18;[-0.0518; 39.3731];[11.1146; -21.0820];[45.3708; -44.3032]
1195; 6; 19;[-0.1533; 37.9963];[11.5080; -32.5812];[40.1920; -38.1873]
1196; 6; 20;[-0.1649; 42.3705];[12.3499; -30.6493];[35.0117; -37.6993]
1197; 6; 21;[-0.1047; 33.0149];[11.7743; -34.0484];[34.3993; -39.4284]
1198; 6; 22;[-0.1721; 34.7064];[12.9825; -27.8240];[34.6119; -31.1727]
1199; 6; 23;[-0.1650; 31.2055];[16.4762; -28.5683];[33.3124; -29.9494]
1200; 7; 0;[-0.1661; 28.6596];[17.7408; -27.5179];[44.8262; -28.2432]
1201; 7; 1;[-0.1431; 32.3544];[15.3958; -27.8306];[33.6997; -31.0230]
1202; 7; 2;[-0.1348; 27.6857];[18.7310; -26.5910];[27.6035; -28.3830]
1203; 7; 3;[-0.1752; 30.7335];[19.0165; -28.2480];[26.5099; -32.1676]
1204; 7; 4;[-0.1674; 31.7015];[22.4459; -27.7980];[35.8694; -30.1835]
1205; 7; 5;[-0.1541; 37.5600];[19.0703; -30.2852];[31.5404; -38.1864]
1206; 7; 6;[-0.3928; 38.4227];[18.7896; -36.4121];[41.1333; -40.1754]
1207; 7; 7;[-1.1243; 33.0787];[22.1187; -30.4378];[42.4597; -37.7158]
1208; 7; 8;[-2.4123; 38.2987];[22.3183; -34.1796];[35.5502; -43.9396]
1209; 7; 9;[-3.0525; 33.0971];[12.1067; -24.8164];[32.5051; -38.7888]
1210; 7; 10;[-3.3121; 38.5201];[0.0000; 0.0000];[23.8430; -37.8703]
1211; 7; 11;[-3.9230; 37.6193];[19.5064; -35.9614];[29.2489; -41.3213]
1212; 7; 12;[-3.4418; 38.3579];[20.2019; -35.1106];[31.3201; -43.4826]
1213; 7; 13;[-2.9029; 33.2413];[24.8832; -31.6507];[27.1476; -38.6411]
1214; 7; 14;[-2.6214; 32.3700];[28.9236; -32.0668];[33.7282; -36.8853]
1215; 7; 15;[-2.0297; 37.0583];[30.6341; -34.4855];[36.4354; -42.1062]
1216; 7; 16;[-1.3271; 38.7769];[15.8949; -16.1255];[41.2733; -44.1154]
1217; 7; 17;[-0.4342; 39.2686];[22.7474; -34.9576];[37.6627; -41.0364]
1218; 7; 18;[-0.2779; 36.3492];[21.0063; -32.4822];[36.3740; -35.6277]
1219; 7; 19;[-0.3045; 41.0293];[15.0377; -24.3063];[35.3155; -43.2127]
1220; 7; 20;[-0.2388; 41.3124];[22.2903; -31.4633];[28.0320; -34.4884]
1221; 7; 21;[-0.2407; 37.3456];[20.8400; -31.7019];[23.4066; -35.5366]
1222; 7; 22;[-0.2350; 39.4898];[21.5243; -31.4236];[23.5482; -39.0141]
1223; 7; 23;[-0.2462; 33.8029];[24.8209; -26.2789];[21.9911; -27.5848]
1224; 1; 0;[-0.2558; 33.4648];[29.7794; -25.9647];[30.2122; -29.0300]
1225; 1; 1;[-0.2455; 35.4722];[28.4959; -30.4481];[25.3730; -33.6465]
1226; 1; 2;[-0.2535; 35.5758];[36.2055; -26.0958];[25.7811; -32.1896]
1227; 1; 3;[-0.2674; 34.8343];[46.8071; -26.2519];[27.9143; -29.1496]
1228; 1; 4;[-0.2164; 37.2971];[48.3342; -26.0866];[32.9918; -30.1712]
1229; 1; 5;[-0.1989; 35.3144];[42.6154; -32.1051];[32.8303; -34.1960]
1230; 1; 6;[-0.2708; 35.3290];[48.7816; -32.3204];[41.5562; -37.9539]
1231; 1; 7;[-0.9202; 37.4511];[35.8806; -37.3061];[24.5531; -29.7419]
1232; 1; 8;[-2.0522; 37.5871];[50.0007; -37.0327];[34.7724; -36.3000]
1233; 1; 9;[-2.9721; 51.7990];[5.8430; -28.6491];[17.2375; -30.8556]
1234; 1; 10;[-3.2905; 51.8417];[13.3414; -31.2844];[7.4731; -34.1751]
1235; 1; 11;[-3.4501; 37.7769];[9.4820; -30.0547];[16.2681; -34.3059]
1236; 1; 12;[-3.5663; 51.7812];[1.0653; -22.9545];[18.5390; -32.2661]
1237; 1; 13;[-3.2018; 51.9922];[4.1662; -31.6667];[12.4602; -33.4799]
1238; 1; 14;[-1.9769; 52.0046];[19.5686; -3.5553];[29.8246; -22.8713]
1239; 1; 15;[-1.6034; 88.6252];[16.6396; -5.4579];[30.4289; -27.3709]
1240; 1; 16;[-1.1791; 116.9621];[8.4552; -28.5000];[36.0060; -32.2958]
1241; 1; 17;[-0.3412; 51.8491];[0.0000; 0.0000];[20.8430; -35.3658]
1242; 1; 18;[-0.2108; 45.3533];[7.1470; -28.5000];[31.7085; -33.8447]
1243; 1; 19;[-0.2313; 76.6121];[10.7656; -9.4500];[32.0293; -34.4975]
1244; 1; 20;[-0.1292; 61.4660];[9.8942; -14.2168];[31.2476; -35.8282]
1245; 1; 21;[-0.2073; 45.1919];[10.1553; -20.7401];[27.2311; -40.2540]
1246; 1; 22;[-0.1969; 40.9425];[14.6985; -31.4817];[27.1337; -32.5371]
1247; 1; 23;[-0.1949; 47.2599];[17.5189; -35.5965];[26.2986; -35.6369]
1248; 2; 0;[-0.2237; 33.3650];[17.5024; -32.8144];[35.2590; -32.8260]
1249; 2; 1;[-0.1992; 33.0821];[20.4591; -32.4871];[33.2042; -34.3180]
1250; 2; 2;[-0.1867; 38.1153];[17.0747; -26.5467];[33.9982; -28.7988]
1251; 2; 3;[-0.1923; 39.6689];[19.0269; -31.8541];[32.6908; -33.0654]
1252; 2; 4;[-0.2274; 40.8215];[23.6259; -31.4779];[33.8467; -31.3561]
1253; 2; 5;[-0.1890; 46.0353];[11.1330; -25.4528];[33.1638; -34.8588]
1254; 2; 6;[-0.2831; 51.6474];[4.7109; -31.5984];[25.3490; -33.3404]
1255; 2; 7;[-0.8380; 45.2966];[6.1767; -28.8989];[23.4022; -33.5816]
1256; 2; 8;[-1.3968; 45.4855];[10.2403; -26.8204];[41.4620; -37.5794]
1257; 2; 9;[-1.7087; 75.7670];[1.3611; -0.1050];[25.6920; -32.5139]
1258; 2; 10;[-2.1380; 62.8549];[7.0841; -29.2096];[14.2558; -33.2433]
1259; 2; 11;[-2.0097; 41.5267];[6.8923; -25.0455];[37.8243; -25.7417]
1260; 2; 12;[-2.0076; 63.7379];[8.6012; -31.6514];[32.9346; -33.2519]
1261; 2; 13;[-1.9219; 63.9185];[11.3855; -31.6134];[31.8832; -33.5098]
1262; 2; 14;[-1.1926; 75.5167];[11.3635; -19.7766];[35.8735; -29.7198]
1263; 2; 15;[-1.0823; 52.7754];[8.6640; -22.6806];[37.2407; -30.5660]
1264; 2; 16;[-0.6699; 111.8245];[8.5136; -11.5443];[42.5756; -30.4018]
1265; 2; 17;[-0.3095; 109.9583];[7.0204; -10.8521];[42.7411; -30.0646]
1266; 2; 18;[-0.2815; 110.8760];[0.0000; 0.0000];[39.6941; -35.3982]
1267; 2; 19;[-0.2564; 83.9829];[0.0000; 0.0000];[30.1941; -35.6096]
1268; 2; 20;[-0.1647; 200.1521];[0.0000; 0.0000];[23.1008; -36.2893]
1269; 2; 21;[-0.1907; 52.1372];[4.8032; -23.5681];[30.1510; -38.8333]
1270; 2; 22;[-0.1879; 43.8707];[8.4010; -36.6966];[28.3745; -34.6587]
1271; 2; 23;[-0.1876; 45.9157];[17.1679; -36.4472];[31.7702; -41.8383]
1272; 3; 0;[-0.1619; 40.9319];[11.0287; -32.3708];[36.6476; -33.0169]
1273; 3; 1;[-0.1622; 39.7819];[9.8088; -32.4684];[35.5584; -36.3628]
1274; 3; 2;[-0.1848; 35.5760];[12.3199; -32.4993];[35.8156; -35.6011]
1275; 3; 3;[-0.1924; 36.4698];[17.1909; -31.6947];[32.6023; -30.0889]
1276; 3; 4;[-0.2018; 35.8986];[11.3488; -37.5109];[29.0642; -27.3492]
1277; 3; 5;[-0.1789; 37.4429];[15.4797; -37.3819];[26.0355; -30.5363]
1278; 3; 6;[-0.3184; 47.7389];[6.3047; -8.0380];[16.1022; -32.5461]
1279; 3; 7;[-0.9721; 51.4115];[5.0013; -29.9716];[17.6458; -31.8081]
1280; 3; 8;[-1.7366; 45.0924];[5.5689; -26.2939];[18.9593; -31.3191]
1281; 3; 9;[-2.3090; 49.1496];[5.4911; -30.0290];[22.6043; -30.0357]
1282; 3; 10;[-2.5778; 43.5954];[4.4397; -29.7874];[20.7226; -26.5764]
1283; 3; 11;[-2.9431; 35.3566];[1.9432; -16.0745];[35.0124; -33.6752]
1284; 3; 12;[-2.6860; 44.9979];[1.2176; -31.6667];[14.9263; -29.4207]
1285; 3; 13;[-2.5369; 49.3710];[3.3007; -30.1545];[17.5115; -31.4248]
1286; 3; 14;[-1.7890; 35.4582];[0.0000; 0.0000];[38.9824; -34.3788]
1287; 3; 15;[-1.9452; 44.7982];[0.0000; 0.0000];[27.6346; -32.5672]
1288; 3; 16;[-1.1493; 45.9656];[3.7455; -1.1916];[46.3036; -36.0941]
1289; 3; 17;[-0.4047; 36.1970];[3.5732; -2.0303];[43.4299; -36.1145]
1290; 3; 18;[-0.2358; 51.0282];[1.9959; -6.1549];[43.4556; -38.1143]
1291; 3; 19;[-0.2411; 47.8055];[3.8912; -16.6676];[39.0719; -37.5746]
1292; 3; 20;[-0.2256; 43.0865];[0.0000; 0.0000];[33.3197; -39.6525]
1293; 3; 21;[-0.2156; 39.5934];[4.9020; -31.8818];[35.8673; -35.5544]
1294; 3; 22;[-0.2074; 45.4654];[5.6278; -37.0080];[32.9401; -41.9016]
1295; 3; 23;[-0.2309; 32.4956];[6.4880; -33.0544];[37.5864; -33.4439]
1296; 4; 0;[-0.1761; 38.1441];[6.5735; -32.8706];[37.0594; -32.2890]
1297; 4; 1;[-0.2053; 35.5374];[5.7670; -32.9583];[38.2932; -33.3653]
1298; 4; 2;[-0.1832; 34.6858];[4.8655; -29.8980];[36.8058; -30.2290]
1299; 4; 3;[-0.1848; 39.2259];[5.4200; -33.1147];[38.9431; -32.0300]
1300; 4; 4;[-0.1912; 37.1608];[6.4959; -31.5104];[38.8884; -33.2078]
1301; 4; 5;[-0.1859; 37.3550];[6.2997; -37.6131];[48.9394; -40.0968]
1302; 4; 6;[-0.3648; 37.3741];[1.2672; -33.5760];[5.1714; -29.3783]
1303; 4; 7;[-1.1860; 37.8256];[2.9460; -37.5753];[52.0344; -39.0836]
1304; 4; 8;[-2.2193; 37.6493];[2.9682; -37.6804];[9.3759; -29.6463]
1305; 4; 9;[-2.7831; 37.8327];[2.6082; -37.2261];[49.0936; -37.4374]
1306; 4; 10;[-3.2742; 52.7296];[1.0931; -31.6667];[7.2215; -30.6085]
1307; 4; 11;[-3.4264; 52.5591];[0.7172; -31.6667];[10.5061; -27.6518]
1308; 4; 12;[-3.2393; 59.5156];[0.6454; -31.6667];[10.3396; -29.1983]
1309; 4; 13;[-2.6386; 52.4014];[0.6486; -28.7293];[37.9519; -10.7316]
1310; 4; 14;[-2.4895; 39.7139];[1.7219; -25.0504];[45.6446; -38.9387]
1311; 4; 15;[-2.1069; 39.8374];[0.6847; -13.7555];[52.1821; -29.7435]
1312; 4; 16;[-1.1277; 39.5221];[0.7779; -31.0745];[46.5955; -38.1574]
1313; 4; 17;[-0.3703; 52.6125];[0.4738; -0.5532];[49.6746; -33.2311]
1314; 4; 18;[-0.2275; 44.7766];[0.7012; -11.2734];[48.8825; -16.4211]
1315; 4; 19;[-0.1991; 57.2007];[0.7053; -0.2778];[39.2167; -0.9380]
1316; 4; 20;[-0.1860; 62.4660];[0.5465; -1.5432];[39.8708; -21.3252]
1317; 4; 21;[-0.1602; 46.4937];[0.6197; -18.0783];[37.5898; -40.3708]
1318; 4; 22;[-0.1971; 36.0425];[1.2695; -33.2119];[35.7930; -36.6734]
1319; 4; 23;[-0.1313; 37.8028];[1.7076; -37.5872];[36.1193; -37.1890]
1320; 5; 0;[-0.1380; 33.4489];[1.6746; -33.4053];[40.5876; -32.6264]
1321; 5; 1;[-0.1409; 35.1864];[1.1366; -33.3490];[40.0420; -30.7575]
1322; 5; 2;[-0.1773; 34.8352];[1.3402; -32.9473];[43.3847; -29.5150]
1323; 5; 3;[-0.1794; 33.3329];[1.3024; -31.5246];[48.7536; -31.6921]
1324; 5; 4;[-0.1038; 33.8110];[1.5601; -32.3223];[45.9057; -30.1504]
1325; 5; 5;[-0.0990; 34.0110];[1.2988; -32.3020];[42.1145; -31.7904]
1326; 5; 6;[-0.3184; 37.9999];[1.4188; -37.8905];[55.6153; -35.5167]
1327; 5; 7;[-1.0695; 45.4499];[0.9038; -31.3501];[57.9956; -37.4868]
1328; 5; 8;[-1.9189; 52.6401];[0.7422; -31.5035];[23.4385; -31.6488]
1329; 5; 9;[-2.4521; 45.0146];[0.4072; -27.8419];[54.8652; -36.0607]
1330; 5; 10;[-2.9469; 52.4759];[0.8816; -24.9114];[16.3922; -32.0858]
1331; 5; 11;[-2.9418; 38.3935];[0.6797; -20.1550];[43.3887; -35.1318]
1332; 5; 12;[-3.0568; 38.7644];[0.6754; -16.2114];[41.8350; -40.6161]
1333; 5; 13;[-2.2804; 38.9286];[0.0000; 0.0000];[43.7763; -35.4429]
1334; 5; 14;[-1.2605; 52.1283];[0.0000; 0.0000];[49.7811; -33.7034]
1335; 5; 15;[-1.1167; 52.4530];[0.0000; 0.0000];[43.4301; -34.1709]
1336; 5; 16;[-0.6369; 52.1331];[0.7784; -20.1820];[49.9496; -41.5673]
1337; 5; 17;[-0.3538; 42.0853];[1.3218; -17.5936];[47.1607; -39.7843]
1338; 5; 18;[-0.2050; 132.1443];[0.0000; 0.0000];[41.7483; -35.6013]
1339; 5; 19;[-0.2388; 85.9208];[0.0000; 0.0000];[43.4719; -36.1166]
1340; 5; 20;[-0.2526; 55.3192];[6.8338; -31.6667];[42.2933; -36.0755]
1341; 5; 21;[-0.2549; 43.3639];[5.4498; -28.5000];[37.7209; -35.0329]
1342; 5; 22;[-0.2517; 32.6101];[7.2455; -8.3890];[32.6274; -38.1411]
1343; 5; 23;[-0.2639; 37.4147];[7.7473; -6.4521];[34.5156; -38.9238]
1344; 6; 0;[-0.2743; 33.8430];[6.2375; -35.8171];[39.3027; -32.2962]
1345; 6; 1;[-0.2565; 31.2408];[6.3932; -15.5637];[35.1148; -29.9195]
1346; 6; 2;[-0.1958; 29.9026];[14.8583; -25.0472];[45.1984; -29.5111]
1347; 6; 3;[-0.1965; 32.6242];[12.6967; -18.9732];[51.7119; -32.6955]
1348; 6; 4;[-0.1604; 32.7675];[14.8829; -27.4999];[50.6205; -34.0565]
1349; 6; 5;[-0.1875; 32.5237];[15.8420; -29.9337];[46.8681; -30.0836]
1350; 6; 6;[-0.3589; 43.7336];[11.2421; -30.3248];[55.0752; -38.4771]
1351; 6; 7;[-1.0410; 33.1190];[12.3539; -21.6583];[52.6846; -36.7567]
1352; 6; 8;[-1.9090; 37.4353];[11.3001; -21.5695];[51.5373; -37.2794]
1353; 6; 9;[-2.2727; 37.4471];[11.5586; -24.8385];[46.5997; -39.0440]
1354; 6; 10;[-2.5985; 37.5551];[11.9441; -23.8362];[38.3272; -37.4623]
1355; 6; 11;[-3.3400; 51.5938];[14.0531; -14.5816];[40.5038; -20.3527]
1356; 6; 12;[-3.0525; 51.8560];[13.7616; -31.6667];[39.8161; -31.8343]
1357; 6; 13;[-1.5009; 51.1397];[0.0000; 0.0000];[49.8957; -33.7309]
1358; 6; 14;[-2.3939; 39.1201];[13.4831; -2.4670];[55.1274; -38.7458]
1359; 6; 15;[-1.6863; 107.7481];[19.4051; -4.8593];[50.9946; -28.6100]
1360; 6; 16;[-0.4696; 58.1232];[18.5227; -3.9677];[50.7918; -23.0422]
1361; 6; 17;[-0.3895; 54.4630];[16.8599; -5.4939];[45.2603; -21.8630]
1362; 6; 18;[-0.1114; 41.2732];[14.8878; -7.2862];[40.3051; -35.8494]
1363; 6; 19;[-0.1801; 57.1645];[14.4359; -4.7268];[35.1384; -21.0995]
1364; 6; 20;[-0.2018; 33.6124];[14.7593; -22.0974];[33.9606; -37.4218]
1365; 6; 21;[-0.1528; 54.5312];[19.9721; -14.9657];[28.4274; -24.1090]
1366; 6; 22;[-0.2117; 37.8347];[20.4038; -26.8685];[24.3522; -39.7482]
1367; 6; 23;[-0.1998; 32.5590];[23.6694; -24.2903];[28.1600; -32.7051]
1368; 7; 0;[-0.2148; 38.4862];[23.8131; -31.1635];[33.0966; -33.3572]
1369; 7; 1;[-0.1926; 41.1190];[24.0609; -32.8900];[33.9473; -33.1913]
1370; 7; 2;[-0.1459; 35.4657];[26.3960; -28.3195];[28.9819; -27.2898]
1371; 7; 3;[-0.1426; 42.4679];[23.2037; -27.9202];[30.3902; -29.4375]
1372; 7; 4;[-0.1672; 43.6988];[27.4422; -30.3736];[33.6174; -31.3376]
1373; 7; 5;[-0.1524; 56.9484];[27.0980; -24.6832];[28.8502; -6.7647]
1374; 7; 6;[-0.3679; 36.2777];[31.5789; -26.3548];[37.0552; -32.2736]
1375; 7; 7;[-1.1939; 37.5884];[27.1002; -31.6406];[39.4654; -34.1919]
1376; 7; 8;[-2.4154; 37.4088];[33.4042; -23.1774];[40.6351; -37.5904]
1377; 7; 9;[-3.0629; 37.8532];[28.2886; -25.1676];[33.4515; -37.4583]
1378; 7; 10;[-3.4230; 37.8116];[28.2888; -29.7910];[29.1398; -26.9095]
1379; 7; 11;[-4.0144; 38.0428];[30.1128; -28.1477];[33.0626; -27.7149]
1380; 7; 12;[-3.6284; 39.1252];[15.9691; -16.6259];[32.3809; -41.7210]
1381; 7; 13;[-3.1348; 39.0091];[14.4176; -15.2498];[37.4152; -42.3688]
1382; 7; 14;[-2.7772; 38.4070];[42.3585; -32.4930];[32.3521; -40.5516]
1383; 7; 15;[-2.1814; 38.4313];[43.5352; -34.1457];[33.4573; -40.7463]
1384; 7; 16;[-1.3293; 38.9304];[34.9677; -29.9202];[36.6185; -41.1659]
1385; 7; 17;[-0.3780; 36.4041];[26.9474; -26.7646];[37.6246; -41.7515]
1386; 7; 18;[-0.2412; 41.5845];[29.8376; -24.0910];[32.5776; -36.3243]
1387; 7; 19;[-0.2606; 42.6531];[22.8630; -25.4405];[24.1065; -47.0247]
1388; 7; 20;[-0.2065; 32.5236];[37.2042; -31.4142];[18.7207; -38.0758]
1389; 7; 21;[-0.2512; 31.8056];[32.2044; -30.7990];[20.5964; -41.4977]
1390; 7; 22;[-0.2162; 29.2804];[31.6462; -26.2881];[17.7118; -32.1786]
1391; 7; 23;[-0.1725; 34.8006];[31.7750; -31.3493];[18.7241; -40.1455]
1392; 1; 0;[-0.2421; 29.2017];[41.5375; -30.3541];[21.6899; -33.9700]
1393; 1; 1;[-0.2378; 26.1816];[39.0125; -21.2822];[23.2217; -22.4143]
1394; 1; 2;[-0.2343; 32.4669];[53.4037; -31.2075];[21.9132; -35.0571]
1395; 1; 3;[-0.2672; 32.6707];[51.6387; -31.1065];[24.4122; -33.5851]
1396; 1; 4;[-0.2403; 29.3408];[63.4753; -26.6340];[30.5886; -29.2904]
1397; 1; 5;[-0.2287; 33.6932];[65.2573; -32.3218];[30.7852; -35.4760]
1398; 1; 6;[-0.3288; 33.5626];[81.0242; -32.6038];[28.7344; -34.8518]
1399; 1; 7;[-1.0576; 37.9381];[66.4002; -37.7237];[33.8802; -38.6684]
1400; 1; 8;[-2.1283; 37.7651];[92.1397; -37.6792];[5.5422; -31.8773]
1401; 1; 9;[-3.0322; 37.8199];[7.7447; -37.7536];[6.2294; -31.7391]
1402; 1; 10;[-3.3611; 37.8504];[4.6741; -21.6804];[24.4162; -40.5551]
1403; 1; 11;[-3.5842; 38.3738];[4.0601; -22.5735];[25.0761; -41.5458]
1404; 1; 12;[-3.5861; 38.7766];[0.8854; -31.6667];[17.4106; -35.0866]
1405; 1; 13;[-3.3319; 39.0136];[9.2590; -14.3937];[24.6209; -42.4992]
1406; 1; 14;[-2.2902; 32.9218];[62.1115; -36.2537];[27.8124; -35.9136]
1407; 1; 15;[-1.8104; 52.2553];[0.0000; 0.0000];[9.2632; -33.7926]
1408; 1; 16;[-1.1882; 39.1255];[7.7595; -15.4465];[31.1382; -40.4592]
1409; 1; 17;[-0.3089; 39.8228];[13.5215; -23.4184];[28.3283; -42.9955]
1410; 1; 18;[-0.2682; 38.3590];[23.7102; -36.8265];[27.3441; -39.6456]
1411; 1; 19;[-0.2784; 43.1895];[10.9383; -14.9645];[31.9576; -44.8264]
1412; 1; 20;[-0.1622; 36.2516];[10.0515; -16.2809];[30.3610; -41.1882]
1413; 1; 21;[-0.1356; 37.4144];[18.6685; -36.3639];[24.4812; -42.7954]
1414; 1; 22;[-0.2065; 34.9697];[21.5133; -32.2321];[23.1691; -32.9922]
1415; 1; 23;[-0.1941; 31.1147];[25.2172; -31.7976];[23.0389; -35.2461]
1416; 2; 0;[-0.2029; 38.2832];[25.5012; -32.7501];[28.7016; -35.0751]
1417; 2; 1;[-0.1899; 36.2766];[23.1106; -26.1563];[30.9190; -30.7200]
1418; 2; 2;[-0.1725; 38.6671];[22.0466; -32.3071];[33.0326; -36.0661]
1419; 2; 3;[-0.1175; 33.3187];[24.3989; -26.5877];[35.0691; -29.5875]
1420; 2; 4;[-0.1396; 36.3695];[31.7947; -32.5415];[37.1963; -37.0812]
1421; 2; 5;[-0.1767; 45.6398];[2.8191; -30.9625];[36.4483; -38.5564]
1422; 2; 6;[-0.2847; 33.5016];[28.9365; -32.1554];[43.5039; -35.9261]
1423; 2; 7;[-1.2438; 45.0051];[1.9109; -30.0888];[1.5046; -30.9725]
1424; 2; 8;[-2.1374; 44.8590];[2.3470; -28.4084];[34.8803; -39.6009]
1425; 2; 9;[-2.8291; 37.6325];[22.0544; -37.7553];[33.4901; -41.3439]
1426; 2; 10;[-3.4463; 52.1822];[1.1593; -31.4220];[1.1284; -32.4922]
1427; 2; 11;[-3.4569; 52.6597];[1.0876; -31.6667];[7.0082; -33.2129]
1428; 2; 12;[-3.4822; 52.3617];[12.2697; -30.7340];[6.7451; -33.4741]
1429; 2; 13;[-2.3968; 52.4288];[0.0359; -31.6667];[28.7965; -32.5188]
1430; 2; 14;[-2.0833; 37.9525];[25.0379; -36.0956];[35.8411; -31.2887]
1431; 2; 15;[-1.2771; 39.8740];[17.8307; -3.5638];[36.1364; -37.1435]
1432; 2; 16;[-0.6891; 39.4308];[16.5974; -18.4562];[37.5983; -36.2989]
1433; 2; 17;[-0.2777; 43.5012];[11.5110; -14.7083];[40.0926; -36.6125]
1434; 2; 18;[-0.2237; 46.1467];[9.0298; -27.2802];[38.2515; -39.1266]
1435; 2; 19;[-0.2123; 42.5616];[10.7736; -1.6358];[31.7910; -40.3757]
1436; 2; 20;[-0.1887; 36.5173];[12.5674; -36.0516];[31.8866; -40.4190]
1437; 2; 21;[-0.2163; 39.5056];[10.1252; -31.2446];[28.9606; -39.2699]
1438; 2; 22;[-0.1862; 36.7528];[12.0255; -36.1896];[28.8443; -41.4579]
1439; 2; 23;[-0.2112; 30.6047];[21.0978; -32.4228];[25.8587; -37.1131]
1440; 3; 0;[-0.2043; 33.6014];[11.5756; -31.5761];[32.7494; -29.8326]
1441; 3; 1;[-0.2083; 37.0138];[13.0419; -36.8810];[35.7858; -33.6746]
1442; 3; 2;[-0.2193; 27.4116];[14.9141; -26.1003];[35.5015; -29.6946]
1443; 3; 3;[-0.2330; 29.1596];[18.1695; -26.4370];[36.6542; -29.6344]
1444; 3; 4;[-0.2300; 30.3354];[13.1117; -26.5022];[38.2133; -30.4901]
1445; 3; 5;[-0.2273; 32.0675];[17.9205; -31.2900];[40.1174; -33.4032]
1446; 3; 6;[-0.4141; 37.3163];[15.2967; -37.7005];[10.5240; -31.2983]
1447; 3; 7;[-1.1846; 44.2565];[4.3257; -29.9592];[7.7150; -32.5762]
1448; 3; 8;[-2.0427; 51.4829];[3.8931; -30.4639];[7.7881; -32.8970]
1449; 3; 9;[-2.6591; 58.8652];[0.0000; 0.0000];[10.5200; -31.9345]
1450; 3; 10;[-3.0569; 45.1513];[1.7003; -31.6667];[16.0012; -30.8280]
1451; 3; 11;[-3.3774; 51.9981];[1.5303; -31.6667];[26.7528; -31.2443]
1452; 3; 12;[-3.1589; 52.0180];[2.4242; -9.4500];[36.4280; -31.8779]
1453; 3; 13;[-2.9944; 37.9209];[5.1685; -36.8561];[34.7123; -28.8844]
1454; 3; 14;[-2.3616; 52.0987];[4.1769; -13.7799];[37.5701; -31.5221]
1455; 3; 15;[-2.2392; 59.3239];[3.8095; -1.4600];[36.8506; -31.7464]
1456; 3; 16;[-1.2893; 51.9804];[3.6505; -15.4256];[39.9548; -29.9290]
1457; 3; 17;[-0.5114; 98.3265];[3.1903; -9.8116];[41.6762; -29.4557]
1458; 3; 18;[-0.3299; 95.7399];[3.5201; -14.2853];[37.0706; -33.1037]
1459; 3; 19;[-0.2814; 63.1117];[3.2479; -0.6727];[39.1889; -34.1573]
1460; 3; 20;[-0.2718; 61.5721];[2.1195; -2.6904];[36.8058; -33.9240]
1461; 3; 21;[-0.3334; 45.9966];[3.8865; -8.7756];[34.2528; -32.6962]
1462; 3; 22;[-0.3164; 46.0639];[4.4692; -10.8260];[35.7309; -33.5216]
1463; 3; 23;[-0.2785; 39.8338];[4.7570; -17.8196];[29.9962; -44.2172]
1464; 4; 0;[-0.2304; 33.7381];[7.6883; -32.5354];[47.6329; -27.8367]
1465; 4; 1;[-0.1814; 33.0302];[6.1925; -31.8205];[38.3492; -28.9751]
1466; 4; 2;[-0.1403; 38.7008];[5.1079; -36.6997];[42.8005; -27.5965]
1467; 4; 3;[-0.2445; 33.6563];[5.7664; -32.0801];[41.6912; -35.7713]
1468; 4; 4;[-0.2198; 38.5076];[6.2353; -37.1942];[40.2579; -27.1080]
1469; 4; 5;[-0.2113; 33.5757];[5.3911; -30.5833];[44.8008; -32.3327]
1470; 4; 6;[-0.3898; 37.5538];[5.6631; -36.9670];[42.2889; -33.9945]
1471; 4; 7;[-1.2703; 37.8420];[4.2529; -37.2734];[47.0670; -34.0038]
1472; 4; 8;[-2.3471; 38.0451];[3.9293; -37.5691];[36.4743; -33.1847]
1473; 4; 9;[-3.0153; 52.4547];[1.4169; -29.5751];[51.0465; -32.3216]
1474; 4; 10;[-3.4644; 52.5017];[1.3960; -25.5392];[47.2538; -19.8005]
1475; 4; 11;[-3.6070; 59.8633];[1.1232; -28.6765];[43.0921; -21.1148]
1476; 4; 12;[-3.5385; 61.5974];[1.3369; -15.6456];[39.2573; -18.4851]
1477; 4; 13;[-2.9450; 59.7730];[1.3968; -25.5027];[39.9104; -24.1358]
1478; 4; 14;[-2.7194; 59.7645];[1.7062; -27.8155];[43.9158; -26.8346]
1479; 4; 15;[-2.2292; 126.3356];[1.1832; -0.0793];[40.4263; -11.5849]
1480; 4; 16;[-1.2603; 106.9302];[1.8557; -4.3573];[40.9924; -12.9517]
1481; 4; 17;[-0.4316; 170.2103];[1.2584; -3.7974];[37.8902; -11.3115]
1482; 4; 18;[-0.2601; 215.8506];[1.3321; -1.6731];[41.4743; -1.4798]
1483; 4; 19;[-0.2321; 145.4442];[1.4328; -14.3611];[43.5444; -8.8185]
1484; 4; 20;[-0.1857; 112.7471];[1.5134; -2.1748];[36.7438; -6.3590]
1485; 4; 21;[-0.1609; 71.2539];[1.1975; -20.8188];[38.6094; -7.5358]
1486; 4; 22;[-0.2404; 52.1432];[1.2428; -22.1847];[37.3460; -26.8377]
1487; 4; 23;[-0.1570; 52.6473];[1.4260; -8.0147];[35.6324; -21.2206]
1488; 5; 0;[-0.1687; 51.8443];[1.6736; -14.5713];[42.8813; -12.8975]
1489; 5; 1;[-0.1871; 56.7753];[1.6132; -6.7293];[59.5192; -6.0876]
1490; 5; 2;[-0.2353; 42.1775];[2.2805; -36.8194];[47.7548; -6.5989]
1491; 5; 3;[-0.2091; 36.3395];[2.0230; -31.9925];[43.1656; -24.3238]
1492; 5; 4;[-0.1433; 36.0148];[2.4278; -31.4336];[41.6279; -19.8908]
1493; 5; 5;[-0.1736; 47.7864];[1.8896; -37.8315];[47.3589; -32.9375]
1494; 5; 6;[-0.3933; 46.2881];[1.2868; -31.6667];[49.3778; -33.6416]
1495; 5; 7;[-1.1402; 45.5829];[1.1581; -31.6667];[35.1880; -33.2312]
1496; 5; 8;[-2.0998; 37.9649];[1.5276; -37.9365];[31.6647; -33.5098]
1497; 5; 9;[-2.7274; 52.7394];[0.6614; -29.4567];[22.4576; -33.6993]
1498; 5; 10;[-3.2114; 52.7149];[0.6171; -30.0328];[25.0486; -34.1864]
1499; 5; 11;[-3.3315; 37.7816];[0.9952; -37.8387];[55.6203; -36.1542]
1500; 5; 12;[-3.4591; 38.9072];[0.4966; -31.6667];[25.1007; -35.5941]
1501; 5; 13;[-2.5510; 52.5757];[0.0000; 0.0000];[18.1908; -34.9183]
1502; 5; 14;[-0.9908; 53.3413];[6.1133; -31.6667];[42.0770; -33.5155]
1503; 5; 15;[-1.4844; 52.8672];[0.0000; 0.0000];[34.2945; -35.0465]
1504; 5; 16;[-0.8596; 40.9126];[7.3142; -14.9511];[44.2663; -40.1475]
1505; 5; 17;[-0.3595; 44.3436];[5.9930; -0.8338];[40.0129; -37.5757]
1506; 5; 18;[-0.2008; 49.7135];[4.4205; -15.5563];[37.3103; -38.6709]
1507; 5; 19;[-0.2207; 43.6234];[3.9515; -11.1284];[41.9635; -42.4227]
1508; 5; 20;[-0.1968; 45.0069];[1.5063; -15.4172];[37.0923; -44.9383]
1509; 5; 21;[-0.2159; 38.6517];[7.8276; -34.4965];[36.1753; -38.1723]
1510; 5; 22;[-0.2020; 46.1657];[1.8004; -14.6412];[31.8188; -46.1801]
1511; 5; 23;[-0.2043; 35.7240];[8.2613; -31.3057];[35.2486; -31.0101]
1512; 6; 0;[-0.1817; 38.6464];[8.3348; -34.4411];[43.2756; -33.5112]
1513; 6; 1;[-0.1813; 36.5726];[9.1408; -29.4817];[59.7708; -29.4869]
1514; 6; 2;[-0.1481; 36.8480];[2.7642; -25.8555];[48.9681; -32.7659]
1515; 6; 3;[-0.1732; 36.3098];[10.4049; -31.3413];[48.4910; -29.0017]
1516; 6; 4;[-0.1553; 34.7466];[11.0080; -29.3869];[45.8038; -29.6963]
1517; 6; 5;[-0.1590; 38.5066];[12.1413; -33.1730];[41.9698; -35.1974]
1518; 6; 6;[-0.3404; 37.9937];[7.8286; -21.6355];[44.9905; -35.5721]
1519; 6; 7;[-1.1336; 37.6794];[0.9921; -34.1849];[41.5100; -37.6135]
1520; 6; 8;[-2.0179; 33.7655];[7.0057; -17.0293];[43.7618; -34.9397]
1521; 6; 9;[-2.5216; 45.3902];[0.0885; -31.6667];[41.3136; -39.0391]
1522; 6; 10;[-2.8841; 37.7925];[0.6955; -31.0639];[32.3381; -35.2663]
1523; 6; 11;[-2.6469; 38.2398];[12.9102; -13.9810];[48.5693; -37.2503]
1524; 6; 12;[-3.3680; 52.3874];[10.2212; -31.6667];[45.3776; -32.9379]
1525; 6; 13;[-1.9087; 52.1260];[9.7811; -14.0312];[50.7877; -32.2441]
1526; 6; 14;[-1.2159; 51.5386];[12.2128; -14.2933];[40.5464; -30.8362]
1527; 6; 15;[-0.8926; 54.6160];[14.2023; -20.0770];[37.1200; -33.4264]
1528; 6; 16;[-0.3630; 66.1509];[11.1790; -7.7798];[42.6401; -30.9396]
1529; 6; 17;[-0.3114; 59.6148];[11.8738; -3.6777];[41.2357; -33.2066]
1530; 6; 18;[-0.0579; 37.8209];[10.6692; -5.5301];[38.9930; -36.5931]
1531; 6; 19;[-0.1515; 37.9064];[9.5829; -28.4819];[35.8444; -42.1763]
1532; 6; 20;[-0.1729; 39.5101];[9.4972; -5.0456];[28.5035; -27.0509]
1533; 6; 21;[-0.1566; 35.4661];[10.1889; -30.2840];[26.6684; -39.8518]
1534; 6; 22;[-0.1772; 32.1112];[16.6809; -23.9241];[29.1341; -36.0945]
1535; 6; 23;[-0.1740; 35.6603];[19.3392; -20.6386];[30.0511; -26.9633]
1536; 7; 0;[-0.1741; 32.0743];[19.9403; -28.5504];[39.2963; -27.4790]
1537; 7; 1;[-0.1556; 30.1807];[19.9221; -27.6487];[49.7991; -26.4144]
1538; 7; 2;[-0.1904; 32.7786];[25.0443; -28.0569];[39.3658; -24.9699]
1539; 7; 3;[-0.1938; 29.9215];[22.9032; -30.1168];[39.4343; -23.1165]
1540; 7; 4;[-0.2405; 34.3365];[24.6213; -29.1700];[39.9797; -26.7368]
1541; 7; 5;[-0.2231; 32.6972];[26.2421; -28.5024];[31.5445; -25.5687]
1542; 7; 6;[-0.3943; 45.2002];[7.1897; -23.2596];[17.1311; -32.7567]
1543; 7; 7;[-1.0332; 43.1069];[27.9031; -33.7224];[27.3692; -32.4663]
1544; 7; 8;[-1.9682; 39.6836];[27.4074; -28.6722];[34.7699; -38.9500]
1545; 7; 9;[-2.3825; 37.3974];[26.1905; -28.5787];[41.7036; -39.8619]
1546; 7; 10;[-2.7589; 32.8070];[25.0499; -26.1173];[35.9406; -33.1422]
1547; 7; 11;[-4.1072; 38.4255];[19.8031; -15.0779];[33.2728; -40.2188]
1548; 7; 12;[-3.5777; 51.8555];[22.0760; -0.3553];[31.0332; -28.9699]
1549; 7; 13;[-3.3908; 53.4012];[18.3545; -28.5000];[29.7736; -32.5322]
1550; 7; 14;[-2.6794; 57.2593];[20.6196; -20.6515];[29.3542; -32.9006]
1551; 7; 15;[-2.2961; 51.4772];[18.9103; -16.6457];[36.3001; -31.3682]
1552; 7; 16;[-1.3810; 111.0227];[14.5443; -6.8765];[35.7308; -29.6239]
1553; 7; 17;[-0.3622; 55.4755];[13.9636; -13.2932];[31.2484; -33.3567]
1554; 7; 18;[-0.2674; 106.6547];[13.7132; -20.9460];[29.8681; -33.5718]
1555; 7; 19;[-0.2699; 77.6938];[12.2559; -17.9908];[26.4137; -29.0314]
1556; 7; 20;[-0.2377; 42.3459];[16.8224; -19.7381];[21.5960; -38.4258]
1557; 7; 21;[-0.3155; 42.5207];[13.2289; -18.9728];[24.0188; -38.2932]
1558; 7; 22;[-0.2623; 42.1189];[18.0806; -18.7756];[27.4578; -43.6490]
1559; 7; 23;[-0.2351; 36.6767];[23.7837; -21.4538];[26.6315; -36.7247]
1560; 1; 0;[-0.2625; 41.6921];[15.5655; -31.5604];[21.3676; -31.5073]
1561; 1; 1;[-0.2729; 38.8587];[25.8103; -37.1529];[30.1306; -28.8383]
1562; 1; 2;[-0.2285; 44.4865];[43.8711; -37.1521];[26.9830; -24.3784]
1563; 1; 3;[-0.2485; 39.1079];[40.7107; -31.0338];[23.0970; -28.6666]
1564; 1; 4;[-0.2270; 43.7940];[43.0117; -37.0217];[23.3393; -28.1934]
1565; 1; 5;[-0.2116; 49.9516];[20.4644; -31.6400];[11.3350; -31.9123]
1566; 1; 6;[-0.3489; 37.7064];[52.9104; -37.4611];[27.2945; -29.6320]
1567; 1; 7;[-0.8867; 38.7286];[24.6660; -35.4807];[17.7531; -30.1045]
1568; 1; 8;[-2.2569; 38.1125];[26.6143; -33.7272];[10.4289; -31.6457]
1569; 1; 9;[-2.2676; 60.1443];[15.0246; -26.7934];[6.2444; -33.1660]
1570; 1; 10;[-3.3445; 37.7411];[21.5420; -31.6058];[17.5193; -32.8330]
1571; 1; 11;[-3.8383; 52.6105];[20.9185; -25.1727];[26.3350; -24.5571]
1572; 1; 12;[-3.7910; 52.6138];[19.5122; -19.5843];[27.4497; -27.6676]
1573; 1; 13;[-3.5291; 60.4075];[20.3988; -26.6749];[32.2309; -31.8709]
1574; 1; 14;[-1.9009; 92.6172];[27.2304; -27.3027];[29.9833; -27.2358]
1575; 1; 15;[-1.5325; 108.2168];[29.2458; -27.1250];[32.2935; -23.4993]
1576; 1; 16;[-1.0038; 60.8957];[24.7042; -2.6872];[31.8038; -12.8781]
1577; 1; 17;[-0.3594; 63.0779];[20.1652; -18.2691];[30.8527; -21.2504]
1578; 1; 18;[-0.2554; 107.5585];[21.2943; -2.0290];[29.9873; -4.7902]
1579; 1; 19;[-0.2678; 125.2627];[14.8732; -3.6212];[29.6632; -4.9773]
1580; 1; 20;[-0.1792; 50.0387];[14.0404; -0.6693];[30.3416; -1.0361]
1581; 1; 21;[-0.1077; 49.4687];[13.5413; -11.1028];[29.8470; -32.0242]
1582; 1; 22;[-0.1522; 47.5564];[13.9588; -8.0837];[26.6572; -43.0092]
1583; 1; 23;[-0.1552; 42.5902];[17.5400; -17.8196];[30.6929; -43.9067]
1584; 2; 0;[-0.1630; 48.0027];[17.0845; -26.3724];[32.8875; -20.4314]
1585; 2; 1;[-0.1522; 50.1034];[19.6052; -30.0557];[29.7811; -27.5350]
1586; 2; 2;[-0.1399; 33.2072];[22.5347; -32.6893];[32.8746; -25.5042]
1587; 2; 3;[-0.0946; 43.7740];[19.8216; -29.1724];[31.8424; -32.3150]
1588; 2; 4;[-0.1109; 33.2417];[33.6652; -32.9004];[34.3460; -27.8848]
1589; 2; 5;[-0.1431; 43.4634];[17.3645; -28.7122];[36.4373; -35.0063]
1590; 2; 6;[-0.3422; 52.4536];[9.0424; -31.2477];[11.5553; -30.9934]
1591; 2; 7;[-1.3595; 53.0831];[6.7756; -29.9849];[12.6913; -30.8551]
1592; 2; 8;[-2.3236; 52.6937];[9.1827; -31.2941];[10.0070; -31.3572]
1593; 2; 9;[-3.0556; 52.8468];[4.4251; -31.6667];[13.8206; -31.3602]
1594; 2; 10;[-3.6556; 60.4096];[6.7530; -31.6667];[9.4551; -32.4304]
1595; 2; 11;[-3.7185; 52.7856];[2.2986; -31.6667];[7.9034; -32.7388]
1596; 2; 12;[-3.7799; 38.1567];[21.6893; -37.9044];[35.3481; -36.4076]
1597; 2; 13;[-2.8976; 38.3456];[11.1142; -36.1266];[34.4767; -41.2067]
1598; 2; 14;[-1.7339; 39.9923];[0.0000; 0.0000];[31.1945; -37.3057]
1599; 2; 15;[-1.7254; 53.0570];[0.0000; 0.0000];[9.3102; -33.8277]
1600; 2; 16;[-0.9921; 52.3952];[0.0000; 0.0000];[8.7003; -34.3815]
1601; 2; 17;[-0.3622; 42.4346];[9.7581; -36.0862];[38.0313; -41.2593]
1602; 2; 18;[-0.3046; 46.2106];[0.0000; 0.0000];[31.6772; -42.1557]
1603; 2; 19;[-0.2916; 42.2758];[9.2157; -36.5846];[34.5291; -42.7305]
1604; 2; 20;[-0.2625; 34.0259];[11.5199; -35.9985];[31.6550; -45.4517]
1605; 2; 21;[-0.2769; 39.0817];[7.8769; -19.2339];[31.7576; -46.4809]
1606; 2; 22;[-0.2562; 39.3249];[10.0018; -36.9840];[28.9380; -37.8658]
1607; 2; 23;[-0.3000; 31.9005];[16.1653; -31.8780];[29.4171; -37.6902]
1608; 3; 0;[-0.2864; 34.0943];[10.6279; -32.3990];[39.3694; -35.3616]
1609; 3; 1;[-0.2762; 27.9871];[11.5429; -25.9996];[39.1443; -28.7605]
1610; 3; 2;[-0.2851; 29.7075];[14.2606; -28.2230];[36.0519; -31.7433]
1611; 3; 3;[-0.2915; 32.3473];[18.7072; -31.9897];[39.8150; -36.6241]
1612; 3; 4;[-0.2724; 32.6873];[11.4063; -32.2427];[32.8533; -35.7429]
1613; 3; 5;[-0.2827; 33.0819];[11.5072; -33.7135];[39.9840; -37.0638]
1614; 3; 6;[-0.4268; 32.2568];[12.4160; -30.8076];[37.9132; -36.4677]
1615; 3; 7;[-1.3455; 45.0001];[3.8880; -31.6667];[2.9640; -32.7274]
1616; 3; 8;[-2.2058; 61.6391];[4.2797; -29.5608];[5.8397; -33.6434]
1617; 3; 9;[-2.9051; 45.0389];[1.6062; -29.1016];[44.7958; -39.1055]
1618; 3; 10;[-3.3478; 37.7046];[2.5915; -31.6667];[32.9073; -37.1150]
1619; 3; 11;[-3.6944; 52.1305];[1.7588; -31.6667];[7.7882; -33.6372]
1620; 3; 12;[-3.5168; 52.1149];[0.2948; -31.6667];[19.5092; -33.0378]
1621; 3; 13;[-3.2714; 60.3786];[4.2623; -31.5980];[23.2762; -33.3784]
1622; 3; 14;[-2.7000; 36.9277];[4.3766; -28.8887];[36.5807; -35.1696]
1623; 3; 15;[-2.4138; 51.5444];[0.0000; 0.0000];[31.8636; -33.2619]
1624; 3; 16;[-1.4036; 50.8311];[0.0000; 0.0000];[30.4004; -29.8569]
1625; 3; 17;[-0.5510; 41.7545];[4.9556; -14.5031];[40.9441; -45.9448]
1626; 3; 18;[-0.3895; 58.1635];[0.3533; -31.6667];[35.4525; -34.1231]
1627; 3; 19;[-0.3414; 47.0883];[2.1795; -24.2708];[35.0115; -36.9443]
1628; 3; 20;[-0.2977; 42.9186];[2.1775; -13.7537];[37.4773; -37.9036]
1629; 3; 21;[-0.3133; 32.1148];[5.3438; -31.2783];[35.3111; -37.0926]
1630; 3; 22;[-0.3099; 37.5250];[6.1577; -31.4585];[38.7420; -36.9740]
1631; 3; 23;[-0.2991; 38.2892];[6.9658; -35.7232];[33.5269; -44.4779]
1632; 4; 0;[-0.2252; 32.9439];[6.9826; -31.6538];[39.0758; -32.7768]
1633; 4; 1;[-0.2241; 32.0722];[8.6709; -31.7497];[41.4212; -32.0371]
1634; 4; 2;[-0.1462; 29.8498];[5.3293; -25.9441];[41.5933; -27.3773]
1635; 4; 3;[-0.2152; 33.5421];[7.2421; -31.5148];[40.8448; -33.5034]
1636; 4; 4;[-0.1751; 31.0288];[6.2067; -31.3090];[36.3058; -34.1082]
1637; 4; 5;[-0.1937; 47.9266];[3.2642; -31.1914];[39.8251; -39.2907]
1638; 4; 6;[-0.3651; 32.8000];[6.5031; -32.4995];[49.6289; -36.8233]
1639; 4; 7;[-1.2413; 51.9765];[1.8070; -31.5036];[8.3852; -28.8948]
1640; 4; 8;[-2.2950; 51.9235];[1.6396; -30.4538];[7.5368; -29.9097]
1641; 4; 9;[-3.0209; 37.5995];[3.5676; -37.4342];[51.6533; -37.4352]
1642; 4; 10;[-3.4898; 60.2036];[1.9363; -29.6578];[10.9464; -32.2694]
1643; 4; 11;[-3.7161; 75.1713];[1.7593; -30.2941];[40.5274; -19.0436]
1644; 4; 12;[-2.6461; 51.8480];[1.6771; -30.9359];[42.1735; -20.3136]
1645; 4; 13;[-2.2313; 61.2169];[1.6218; -31.5298];[35.3406; -29.7428]
1646; 4; 14;[-2.1221; 133.9213];[1.3530; -8.5800];[38.2394; -19.0581]
1647; 4; 15;[-2.3472; 133.2654];[1.2697; -7.2597];[42.5479; -31.2714]
1648; 4; 16;[-1.0089; 89.9684];[1.1160; -10.0406];[43.3750; -29.4854]
1649; 4; 17;[-0.4076; 151.7503];[0.5851; -23.9712];[41.9176; -32.8692]
1650; 4; 18;[-0.2517; 174.4312];[0.5263; -7.5718];[39.7757; -33.3510]
1651; 4; 19;[-0.2406; 183.0701];[0.6728; -9.7525];[43.6957; -29.5848]
1652; 4; 20;[-0.2091; 178.7993];[0.6049; -7.6968];[42.9151; -28.0813]
1653; 4; 21;[-0.1994; 102.4082];[0.5035; -0.9696];[37.6454; -22.8571]
1654; 4; 22;[-0.2454; 59.7753];[0.9200; -12.1345];[33.5778; -34.0735]
1655; 4; 23;[-0.1850; 57.7646];[1.1419; -20.9224];[37.1452; -30.9718]
1656; 5; 0;[-0.2336; 54.1898];[1.2704; -29.9301];[40.0062; -18.9578]
1657; 5; 1;[-0.2038; 44.2272];[1.3098; -29.2853];[38.6466; -19.4767]
1658; 5; 2;[-0.2638; 42.5794];[2.0976; -37.1954];[46.0598; -9.1932]
1659; 5; 3;[-0.1974; 35.9949];[2.3051; -31.6294];[51.0971; -25.3250]
1660; 5; 4;[-0.1527; 49.3799];[1.4202; -30.0929];[42.6139; -17.5331]
1661; 5; 5;[-0.1666; 40.0869];[1.7630; -37.4093];[40.9453; -15.1879]
1662; 5; 6;[-0.3898; 57.1819];[1.5004; -30.4328];[44.2601; -22.8822]
1663; 5; 7;[-1.2475; 52.1623];[1.7146; -30.7396];[47.2721; -29.7401]
1664; 5; 8;[-2.2600; 52.2336];[1.4454; -31.4581];[48.9087; -32.0577]
1665; 5; 9;[-2.7223; 75.0430];[0.6435; -29.4790];[50.2471; -32.8181]
1666; 5; 10;[-3.4023; 52.4712];[0.5545; -30.0383];[43.1228; -33.0867]
1667; 5; 11;[-2.7491; 51.8770];[0.5448; -30.8584];[43.8170; -28.4535]
1668; 5; 12;[-3.6228; 102.6901];[0.4976; -31.1944];[43.3142; -29.4911]
1669; 5; 13;[-2.9015; 124.6438];[0.3980; -5.3613];[41.6096; -30.5143]
1670; 5; 14;[-1.3647; 163.5376];[7.4797; -9.1039];[41.1139; -25.9887]
1671; 5; 15;[-1.7160; 142.5950];[7.8140; -7.3713];[42.6608; -25.1066]
1672; 5; 16;[-0.8645; 167.5757];[7.0294; -3.1349];[44.1723; -21.3074]
1673; 5; 17;[-0.3664; 162.4810];[6.2913; -16.1967];[45.9907; -30.6468]
1674; 5; 18;[-0.1989; 182.1829];[4.9839; -7.6856];[43.1400; -31.8457]
1675; 5; 19;[-0.2384; 142.8208];[3.7441; -29.6103];[43.7367; -33.5897]
1676; 5; 20;[-0.3018; 102.9918];[5.2973; -3.8550];[44.7825; -32.6205]
1677; 5; 21;[-0.2754; 161.5377];[5.0166; -22.1096];[38.3219; -33.5460]
1678; 5; 22;[-0.2106; 53.4196];[4.6173; -18.5332];[30.3759; -35.2116]
1679; 5; 23;[-0.2672; 41.3947];[5.0112; -5.3929];[29.2414; -32.0038]
1680; 6; 0;[-0.2508; 54.3570];[4.9374; -8.8362];[42.2002; -24.0243]
1681; 6; 1;[-0.2600; 41.7954];[4.3380; -9.8380];[46.9852; -24.8379]
1682; 6; 2;[-0.1588; 44.6004];[7.6573; -23.0540];[39.8861; -31.5507]
1683; 6; 3;[-0.2116; 39.2486];[10.3357; -29.1871];[37.2808; -33.8624]
1684; 6; 4;[-0.1953; 36.8540];[10.4586; -21.4568];[41.5304; -33.5783]
1685; 6; 5;[-0.1910; 59.3563];[10.1281; -20.1758];[48.2126; -27.1940]
1686; 6; 6;[-0.3896; 53.9494];[9.9117; -21.7902];[47.2539; -31.3487]
1687; 6; 7;[-1.2518; 45.2778];[8.9740; -13.8391];[51.2574; -35.2141]
1688; 6; 8;[-2.2218; 38.4150];[8.6230; -24.7302];[47.1235; -37.8488]
1689; 6; 9;[-2.7858; 52.5957];[7.3590; -31.0999];[48.9581; -33.7284]
1690; 6; 10;[-3.1398; 52.4911];[6.3588; -22.3206];[42.7957; -35.2683]
1691; 6; 11;[-3.1613; 52.7213];[20.2383; -15.3695];[43.6906; -31.6616]
1692; 6; 12;[-3.6777; 89.7981];[21.9319; -5.8041];[41.8946; -29.4587]
1693; 6; 13;[-2.5996; 94.2048];[21.1286; -3.3674];[40.6640; -25.4515]
1694; 6; 14;[-2.3535; 122.0999];[16.6487; -0.4952];[40.8515; -25.4130]
1695; 6; 15;[-1.7607; 129.3550];[13.6074; -28.4294];[44.8026; -30.8209]
1696; 6; 16;[-0.8077; 190.8852];[15.5328; -7.2086];[42.8789; -26.0599]
1697; 6; 17;[-0.4119; 132.5719];[9.1498; -29.9490];[52.3044; -33.6121]
1698; 6; 18;[-0.1428; 134.7884];[13.7323; -27.9406];[40.6741; -29.8199]
1699; 6; 19;[-0.1997; 236.1589];[14.5195; -12.4889];[34.2868; -22.6602]
1700; 6; 20;[-0.1613; 204.6707];[12.8257; -25.5178];[32.1603; -26.3689]
1701; 6; 21;[-0.1488; 205.2194];[12.5385; -21.4534];[32.5061; -25.2242]
1702; 6; 22;[-0.2373; 94.2996];[13.5119; -1.0713];[35.2804; -3.0622]
1703; 6; 23;[-0.2171; 63.5177];[15.3478; -2.1514];[32.5006; 4.7426]
1704; 7; 0;[-0.2340; 54.3777];[15.3040; -9.6477];[37.3023; -11.9486]
1705; 7; 1;[-0.2175; 62.9067];[14.3131; -13.7840];[41.9359; -15.3717]
1706; 7; 2;[-0.2052; 38.7359];[16.5514; -35.7804];[26.6515; -6.9725]
1707; 7; 3;[-0.2002; 48.4088];[14.8543; -25.2100];[29.7371; -26.1108]
1708; 7; 4;[-0.2389; 32.4839];[15.7986; -31.3178];[37.9277; -34.8672]
1709; 7; 5;[-0.2200; 35.2162];[17.6950; -35.1452];[33.0694; -33.5694]
1710; 7; 6;[-0.4328; 52.7339];[17.4771; -29.1955];[30.0274; -32.0380]
1711; 7; 7;[-1.1712; 51.9960];[17.8862; -19.2890];[32.1070; -30.8396]
1712; 7; 8;[-2.1528; 52.1932];[21.0651; -18.5894];[33.6229; -33.4429]
1713; 7; 9;[-2.6331; 37.9129];[20.7461; -23.1950];[31.5717; -35.1558]
1714; 7; 10;[-3.1204; 64.5111];[19.2929; -15.7349];[26.2411; -32.5350]
1715; 7; 11;[-4.1796; 52.2555];[21.3477; -22.4266];[27.3849; -30.1766]
